date,datetime,cash_type,card,money,coffee_name
3/1/2024,12:15:50 AM,card,ANON-0000-0000-0001,38.7,Latte
3/1/2024,12:19:22 AM,card,ANON-0000-0000-0002,38.7,Hot Chocolate
3/1/2024,12:20:18 AM,card,ANON-0000-0000-0002,38.7,Hot Chocolate
3/1/2024,12:46:33 AM,card,ANON-0000-0000-0003,28.9,Americano
3/1/2024,12:48:15 AM,card,ANON-0000-0000-0004,38.7,Latte
3/1/2024,12:39:48 AM,card,ANON-0000-0000-0005,33.8,Americano with Milk
3/1/2024,12:19:03 AM,card,ANON-0000-0000-0006,38.7,Hot Chocolate
3/1/2024,12:39:04 AM,card,ANON-0000-0000-0007,33.8,Americano with Milk
3/1/2024,12:22:02 AM,card,ANON-0000-0000-0008,38.7,Cocoa
3/1/2024,12:23:16 AM,card,ANON-0000-0000-0008,33.8,Americano with Milk
3/1/2024,12:29:17 AM,card,ANON-0000-0000-0009,33.8,Americano with Milk
3/2/2024,12:22:07 AM,card,ANON-0000-0000-0010,28.9,Americano
3/2/2024,12:30:36 AM,cash,,40,Latte
3/2/2024,12:41:41 AM,card,ANON-0000-0000-0011,33.8,Americano with Milk
3/2/2024,12:59:46 AM,card,ANON-0000-0000-0012,33.8,Americano with Milk
3/2/2024,12:38:36 AM,card,ANON-0000-0000-0013,28.9,Americano
3/2/2024,12:37:24 AM,card,ANON-0000-0000-0014,33.8,Americano with Milk
3/2/2024,12:34:55 AM,card,ANON-0000-0000-0004,28.9,Americano
3/3/2024,12:10:44 AM,cash,,40,Latte
3/3/2024,12:27:19 AM,card,ANON-0000-0000-0015,38.7,Latte
3/3/2024,12:33:56 AM,card,ANON-0000-0000-0016,28.9,Cortado
3/3/2024,12:26:56 AM,card,ANON-0000-0000-0012,28.9,Americano
3/3/2024,12:09:36 AM,card,ANON-0000-0000-0017,38.7,Hot Chocolate
3/3/2024,12:06:40 AM,card,ANON-0000-0000-0018,38.7,Cocoa
3/3/2024,12:08:46 AM,card,ANON-0000-0000-0019,28.9,Cortado
3/3/2024,12:03:23 AM,card,ANON-0000-0000-0020,33.8,Americano with Milk
3/3/2024,12:04:28 AM,card,ANON-0000-0000-0020,33.8,Americano with Milk
3/3/2024,12:08:05 AM,card,ANON-0000-0000-0020,38.7,Hot Chocolate
3/4/2024,12:03:52 AM,card,ANON-0000-0000-0001,38.7,Latte
3/4/2024,12:54:51 AM,card,ANON-0000-0000-0021,38.7,Latte
3/4/2024,12:05:16 AM,card,ANON-0000-0000-0012,33.8,Americano with Milk
3/4/2024,12:04:38 AM,card,ANON-0000-0000-0022,24,Espresso
3/5/2024,12:59:53 AM,card,ANON-0000-0000-0001,38.7,Latte
3/5/2024,12:34:56 AM,card,ANON-0000-0000-0023,38.7,Latte
3/5/2024,12:34:06 AM,card,ANON-0000-0000-0024,38.7,Latte
3/5/2024,12:35:25 AM,card,ANON-0000-0000-0025,38.7,Hot Chocolate
3/5/2024,12:36:29 AM,card,ANON-0000-0000-0026,38.7,Cocoa
3/5/2024,12:37:14 AM,card,ANON-0000-0000-0027,38.7,Hot Chocolate
3/5/2024,12:38:09 AM,card,ANON-0000-0000-0009,38.7,Hot Chocolate
3/5/2024,12:56:16 AM,card,ANON-0000-0000-0028,28.9,Cortado
3/5/2024,12:01:31 AM,card,ANON-0000-0000-0028,38.7,Hot Chocolate
3/6/2024,12:30:27 AM,cash,,35,Americano with Milk
3/6/2024,12:24:08 AM,card,ANON-0000-0000-0012,28.9,Americano
3/6/2024,12:25:14 AM,card,ANON-0000-0000-0012,28.9,Cortado
3/6/2024,12:52:02 AM,card,ANON-0000-0000-0029,38.7,Cappuccino
3/6/2024,12:53:18 AM,card,ANON-0000-0000-0029,38.7,Cappuccino
3/7/2024,12:08:59 AM,cash,,40,Latte
3/7/2024,12:18:41 AM,card,ANON-0000-0000-0030,38.7,Hot Chocolate
3/7/2024,12:03:59 AM,card,ANON-0000-0000-0031,38.7,Latte
3/7/2024,12:25:44 AM,cash,,40,Latte
3/7/2024,12:40:23 AM,card,ANON-0000-0000-0032,28.9,Americano
3/7/2024,12:41:29 AM,card,ANON-0000-0000-0033,33.8,Americano with Milk
3/8/2024,12:34:41 AM,card,ANON-0000-0000-0012,28.9,Cortado
3/8/2024,12:22:29 AM,card,ANON-0000-0000-0034,38.7,Cappuccino
3/8/2024,12:53:02 AM,card,ANON-0000-0000-0035,28.9,Americano
3/8/2024,12:44:13 AM,card,ANON-0000-0000-0012,28.9,Americano
3/8/2024,12:45:11 AM,card,ANON-0000-0000-0033,28.9,Americano
3/8/2024,12:46:11 AM,card,ANON-0000-0000-0012,33.8,Americano with Milk
3/8/2024,12:57:52 AM,card,ANON-0000-0000-0036,38.7,Latte
3/8/2024,12:59:25 AM,card,ANON-0000-0000-0037,38.7,Latte
3/9/2024,12:49:37 AM,cash,,40,Hot Chocolate
3/9/2024,12:05:16 AM,card,ANON-0000-0000-0038,24,Espresso
3/9/2024,12:07:38 AM,card,ANON-0000-0000-0039,28.9,Americano
3/9/2024,12:09:48 AM,card,ANON-0000-0000-0012,38.7,Cappuccino
3/9/2024,12:13:04 AM,card,ANON-0000-0000-0040,28.9,Americano
3/9/2024,12:14:27 AM,card,ANON-0000-0000-0040,28.9,Americano
3/9/2024,12:09:22 AM,card,ANON-0000-0000-0041,38.7,Latte
3/9/2024,12:41:06 AM,card,ANON-0000-0000-0042,33.8,Americano with Milk
3/9/2024,12:53:10 AM,card,ANON-0000-0000-0043,28.9,Cortado
3/9/2024,12:54:37 AM,card,ANON-0000-0000-0043,38.7,Cappuccino
3/9/2024,12:08:02 AM,card,ANON-0000-0000-0009,33.8,Americano with Milk
3/9/2024,12:26:53 AM,card,ANON-0000-0000-0044,38.7,Hot Chocolate
3/9/2024,12:17:58 AM,card,ANON-0000-0000-0009,38.7,Cappuccino
3/9/2024,12:19:10 AM,card,ANON-0000-0000-0009,38.7,Hot Chocolate
3/10/2024,12:44:18 AM,cash,,30,Americano
3/10/2024,12:45:29 AM,cash,,35,Americano with Milk
3/10/2024,12:06:03 AM,cash,,40,Latte
3/10/2024,12:19:21 AM,card,ANON-0000-0000-0045,24,Espresso
3/10/2024,12:51:03 AM,cash,,35,Americano with Milk
3/10/2024,12:34:00 AM,card,ANON-0000-0000-0046,38.7,Latte
3/10/2024,12:35:55 AM,card,ANON-0000-0000-0046,28.9,Cortado
3/11/2024,12:18:47 AM,cash,,40,Latte
3/11/2024,12:24:15 AM,cash,,40,Cappuccino
3/11/2024,12:24:52 AM,cash,,30,Cortado
3/11/2024,12:26:44 AM,cash,,30,Americano
3/11/2024,12:32:59 AM,card,ANON-0000-0000-0035,38.7,Cappuccino
3/11/2024,12:24:26 AM,card,ANON-0000-0000-0047,28.9,Americano
3/11/2024,12:25:46 AM,card,ANON-0000-0000-0047,38.7,Latte
3/11/2024,12:50:50 AM,card,ANON-0000-0000-0048,28.9,Cortado
3/12/2024,12:15:00 AM,cash,,40,Latte
3/12/2024,12:15:34 AM,card,ANON-0000-0000-0033,28.9,Americano
3/12/2024,12:16:25 AM,card,ANON-0000-0000-0033,28.9,Cortado
3/12/2024,12:20:46 AM,card,ANON-0000-0000-0049,38.7,Hot Chocolate
3/12/2024,12:46:23 AM,card,ANON-0000-0000-0004,33.8,Americano with Milk
3/12/2024,12:47:26 AM,card,ANON-0000-0000-0004,28.9,Americano
3/12/2024,12:15:43 AM,card,ANON-0000-0000-0050,28.9,Americano
3/13/2024,12:06:43 AM,card,ANON-0000-0000-0048,38.7,Hot Chocolate
3/13/2024,12:48:17 AM,card,ANON-0000-0000-0004,28.9,Americano
3/13/2024,12:18:06 AM,card,ANON-0000-0000-0051,28.9,Americano
3/13/2024,12:19:05 AM,card,ANON-0000-0000-0051,28.9,Americano
3/13/2024,12:34:30 AM,cash,,25,Espresso
3/13/2024,12:26:41 AM,card,ANON-0000-0000-0052,33.8,Americano with Milk
3/13/2024,12:40:22 AM,card,ANON-0000-0000-0053,24,Espresso
3/13/2024,12:41:20 AM,card,ANON-0000-0000-0053,24,Espresso
3/13/2024,12:47:09 AM,card,ANON-0000-0000-0054,24,Espresso
3/14/2024,12:02:12 AM,cash,,40,Latte
3/14/2024,12:28:33 AM,card,ANON-0000-0000-0055,38.7,Latte
3/14/2024,12:29:34 AM,card,ANON-0000-0000-0055,38.7,Hot Chocolate
3/14/2024,12:27:29 AM,card,ANON-0000-0000-0012,28.9,Cortado
3/14/2024,12:28:24 AM,card,ANON-0000-0000-0012,28.9,Americano
3/14/2024,12:52:00 AM,card,ANON-0000-0000-0056,33.8,Americano with Milk
3/14/2024,12:52:56 AM,card,ANON-0000-0000-0057,24,Espresso
3/14/2024,12:20:38 AM,card,ANON-0000-0000-0058,38.7,Latte
3/14/2024,12:04:10 AM,card,ANON-0000-0000-0059,33.8,Americano with Milk
3/14/2024,12:54:38 AM,card,ANON-0000-0000-0050,24,Espresso
3/14/2024,12:58:56 AM,card,ANON-0000-0000-0019,38.7,Hot Chocolate
3/14/2024,12:00:09 AM,card,ANON-0000-0000-0012,28.9,Cortado
3/15/2024,12:02:16 AM,cash,,40,Latte
3/15/2024,12:53:02 AM,card,ANON-0000-0000-0060,38.7,Hot Chocolate
3/15/2024,12:19:28 AM,card,ANON-0000-0000-0012,28.9,Americano
3/16/2024,12:06:55 AM,card,ANON-0000-0000-0061,33.8,Americano with Milk
3/16/2024,12:07:54 AM,card,ANON-0000-0000-0061,28.9,Americano
3/16/2024,12:58:19 AM,card,ANON-0000-0000-0009,28.9,Cortado
3/16/2024,12:03:22 AM,card,ANON-0000-0000-0009,28.9,Cortado
3/16/2024,12:04:11 AM,card,ANON-0000-0000-0012,28.9,Cortado
3/16/2024,12:58:07 AM,card,ANON-0000-0000-0062,33.8,Americano with Milk
3/17/2024,12:10:21 AM,cash,,40,Latte
3/17/2024,12:55:26 AM,card,ANON-0000-0000-0063,28.9,Cortado
3/18/2024,12:18:00 AM,card,ANON-0000-0000-0064,28.9,Cortado
3/18/2024,12:31:40 AM,card,ANON-0000-0000-0003,28.9,Americano
3/18/2024,12:32:38 AM,card,ANON-0000-0000-0003,28.9,Americano
3/18/2024,12:33:37 AM,card,ANON-0000-0000-0003,28.9,Americano
3/19/2024,12:20:26 AM,cash,,30,Cortado
3/19/2024,12:02:22 AM,card,ANON-0000-0000-0065,38.7,Latte
3/19/2024,12:03:20 AM,card,ANON-0000-0000-0065,38.7,Latte
3/19/2024,12:04:36 AM,card,ANON-0000-0000-0049,38.7,Hot Chocolate
3/19/2024,12:53:49 AM,card,ANON-0000-0000-0066,33.8,Americano with Milk
3/19/2024,12:26:33 AM,cash,,40,Hot Chocolate
3/20/2024,12:41:16 AM,card,ANON-0000-0000-0012,28.9,Cortado
3/20/2024,12:21:08 AM,cash,,40,Latte
3/20/2024,12:30:49 AM,card,ANON-0000-0000-0049,28.9,Cortado
3/20/2024,12:16:47 AM,card,ANON-0000-0000-0067,38.7,Cappuccino
3/20/2024,12:42:38 AM,card,ANON-0000-0000-0050,38.7,Cocoa
3/20/2024,12:50:29 AM,card,ANON-0000-0000-0068,38.7,Latte
3/21/2024,12:18:57 AM,cash,,40,Cappuccino
3/21/2024,12:25:09 AM,card,ANON-0000-0000-0012,28.9,Cortado
3/21/2024,12:26:17 AM,card,ANON-0000-0000-0012,38.7,Cappuccino
3/21/2024,12:21:01 AM,cash,,30,Americano
3/21/2024,12:22:01 AM,card,ANON-0000-0000-0012,28.9,Cortado
3/21/2024,12:20:37 AM,card,ANON-0000-0000-0069,38.7,Latte
3/22/2024,12:35:54 AM,card,ANON-0000-0000-0070,33.8,Americano with Milk
3/22/2024,12:29:20 AM,card,ANON-0000-0000-0071,33.8,Americano with Milk
3/22/2024,12:15:14 AM,cash,,40,Cappuccino
3/22/2024,12:17:04 AM,card,ANON-0000-0000-0012,28.9,Americano
3/22/2024,12:17:59 AM,card,ANON-0000-0000-0012,24,Espresso
3/22/2024,12:20:49 AM,card,ANON-0000-0000-0050,28.9,Americano
3/23/2024,12:44:00 AM,card,ANON-0000-0000-0072,38.7,Latte
3/23/2024,12:45:07 AM,card,ANON-0000-0000-0073,33.8,Americano with Milk
3/23/2024,12:10:08 AM,card,ANON-0000-0000-0074,38.7,Cappuccino
3/23/2024,12:11:12 AM,card,ANON-0000-0000-0074,38.7,Cocoa
3/23/2024,12:44:41 AM,card,ANON-0000-0000-0075,33.8,Americano with Milk
3/23/2024,12:47:19 AM,card,ANON-0000-0000-0076,38.7,Latte
3/23/2024,12:49:34 AM,card,ANON-0000-0000-0076,33.8,Americano with Milk
3/23/2024,12:00:58 AM,card,ANON-0000-0000-0009,28.9,Cortado
3/24/2024,12:03:56 AM,cash,,40,Latte
3/24/2024,12:45:08 AM,card,ANON-0000-0000-0077,38.7,Latte
3/25/2024,12:31:47 AM,card,ANON-0000-0000-0009,38.7,Latte
3/25/2024,12:16:26 AM,cash,,35,Americano with Milk
3/25/2024,12:27:09 AM,card,ANON-0000-0000-0078,38.7,Latte
3/25/2024,12:29:25 AM,card,ANON-0000-0000-0017,38.7,Latte
3/25/2024,12:37:31 AM,card,ANON-0000-0000-0024,33.8,Americano with Milk
3/25/2024,12:34:24 AM,card,ANON-0000-0000-0079,38.7,Cappuccino
3/26/2024,12:35:50 AM,card,ANON-0000-0000-0055,38.7,Cocoa
3/26/2024,12:36:36 AM,card,ANON-0000-0000-0055,38.7,Latte
3/26/2024,12:42:30 AM,card,ANON-0000-0000-0080,38.7,Latte
3/26/2024,12:11:47 AM,card,ANON-0000-0000-0009,28.9,Cortado
3/26/2024,12:35:53 AM,card,ANON-0000-0000-0003,28.9,Americano
3/26/2024,12:36:50 AM,card,ANON-0000-0000-0032,28.9,Cortado
3/26/2024,12:38:00 AM,card,ANON-0000-0000-0059,28.9,Cortado
3/26/2024,12:57:54 AM,card,ANON-0000-0000-0050,28.9,Americano
3/26/2024,12:48:02 AM,card,ANON-0000-0000-0081,38.7,Latte
3/26/2024,12:33:39 AM,card,ANON-0000-0000-0024,38.7,Latte
3/26/2024,12:34:55 AM,card,ANON-0000-0000-0009,38.7,Hot Chocolate
3/27/2024,12:04:51 AM,card,ANON-0000-0000-0003,28.9,Cortado
3/27/2024,12:05:58 AM,card,ANON-0000-0000-0003,33.8,Americano with Milk
3/27/2024,12:57:01 AM,card,ANON-0000-0000-0082,33.8,Americano with Milk
3/27/2024,12:35:20 AM,card,ANON-0000-0000-0083,38.7,Hot Chocolate
3/27/2024,12:22:32 AM,card,ANON-0000-0000-0012,38.7,Cappuccino
3/27/2024,12:23:35 AM,card,ANON-0000-0000-0012,28.9,Americano
3/27/2024,12:30:12 AM,card,ANON-0000-0000-0084,28.9,Cortado
3/27/2024,12:31:12 AM,cash,,40,Latte
3/28/2024,12:24:47 AM,card,ANON-0000-0000-0085,28.9,Cortado
3/28/2024,12:24:46 AM,card,ANON-0000-0000-0012,28.9,Cortado
3/28/2024,12:27:05 AM,card,ANON-0000-0000-0012,28.9,Americano
3/28/2024,12:32:45 AM,card,ANON-0000-0000-0086,38.7,Latte
3/29/2024,12:56:20 AM,card,ANON-0000-0000-0087,38.7,Latte
3/29/2024,12:34:17 AM,card,ANON-0000-0000-0088,38.7,Cappuccino
3/29/2024,12:41:32 AM,card,ANON-0000-0000-0088,38.7,Cappuccino
3/29/2024,12:22:45 AM,cash,,40,Cappuccino
3/30/2024,12:59:20 AM,card,ANON-0000-0000-0069,38.7,Latte
3/30/2024,12:49:26 AM,cash,,40,Cappuccino
3/30/2024,12:12:32 AM,card,ANON-0000-0000-0017,38.7,Latte
3/30/2024,12:36:40 AM,card,ANON-0000-0000-0009,38.7,Latte
3/30/2024,12:37:58 AM,card,ANON-0000-0000-0009,33.8,Americano with Milk
3/31/2024,12:40:04 AM,card,ANON-0000-0000-0089,38.7,Cappuccino
3/31/2024,12:36:45 AM,cash,,30,Americano
4/1/2024,12:28:48 AM,card,ANON-0000-0000-0004,28.9,Americano
4/1/2024,12:29:42 AM,card,ANON-0000-0000-0004,33.8,Americano with Milk
4/1/2024,12:30:44 AM,card,ANON-0000-0000-0004,33.8,Americano with Milk
4/1/2024,12:15:44 AM,card,ANON-0000-0000-0009,33.8,Americano with Milk
4/1/2024,12:01:43 AM,cash,,40,Cappuccino
4/1/2024,12:18:42 AM,card,ANON-0000-0000-0024,33.8,Americano with Milk
4/1/2024,12:45:27 AM,card,ANON-0000-0000-0090,38.7,Hot Chocolate
4/2/2024,12:01:14 AM,card,ANON-0000-0000-0001,38.7,Latte
4/2/2024,12:18:34 AM,card,ANON-0000-0000-0003,28.9,Americano
4/2/2024,12:19:28 AM,card,ANON-0000-0000-0003,28.9,Cortado
4/2/2024,12:59:32 AM,cash,,40,Cappuccino
4/3/2024,12:19:14 AM,card,ANON-0000-0000-0003,28.9,Cortado
4/3/2024,12:20:08 AM,card,ANON-0000-0000-0003,28.9,Americano
4/3/2024,12:12:05 AM,card,ANON-0000-0000-0012,38.7,Cappuccino
4/3/2024,12:36:12 AM,cash,,30,Cortado
4/4/2024,12:44:56 AM,card,ANON-0000-0000-0091,38.7,Latte
4/4/2024,12:26:38 AM,card,ANON-0000-0000-0092,38.7,Latte
4/4/2024,12:27:48 AM,card,ANON-0000-0000-0093,38.7,Cappuccino
4/4/2024,12:23:02 AM,card,ANON-0000-0000-0094,28.9,Cortado
4/4/2024,12:42:08 AM,cash,,40,Latte
4/5/2024,12:40:43 AM,card,ANON-0000-0000-0095,28.9,Americano
4/5/2024,12:42:06 AM,card,ANON-0000-0000-0012,28.9,Americano
4/5/2024,12:06:15 AM,card,ANON-0000-0000-0096,28.9,Cortado
4/5/2024,12:14:28 AM,card,ANON-0000-0000-0097,33.8,Americano with Milk
4/5/2024,12:23:40 AM,card,ANON-0000-0000-0098,38.7,Latte
4/5/2024,12:24:50 AM,card,ANON-0000-0000-0098,28.9,Cortado
4/5/2024,12:30:50 AM,cash,,40,Latte
4/5/2024,12:54:16 AM,cash,,40,Cappuccino
4/5/2024,12:55:31 AM,cash,,30,Americano
4/5/2024,12:17:44 AM,cash,,40,Cocoa
4/5/2024,12:18:24 AM,card,ANON-0000-0000-0003,24,Espresso
4/6/2024,12:32:31 AM,card,ANON-0000-0000-0099,33.8,Americano with Milk
4/6/2024,12:13:19 AM,card,ANON-0000-0000-0040,38.7,Cappuccino
4/6/2024,12:14:27 AM,card,ANON-0000-0000-0040,28.9,Americano
4/6/2024,12:49:50 AM,card,ANON-0000-0000-0009,38.7,Latte
4/7/2024,12:12:53 AM,card,ANON-0000-0000-0091,38.7,Latte
4/7/2024,12:44:32 AM,card,ANON-0000-0000-0040,38.7,Cappuccino
4/7/2024,12:46:05 AM,card,ANON-0000-0000-0040,38.7,Cappuccino
4/7/2024,12:16:25 AM,card,ANON-0000-0000-0100,28.9,Cortado
4/7/2024,12:17:31 AM,card,ANON-0000-0000-0100,24,Espresso
4/7/2024,12:01:17 AM,card,ANON-0000-0000-0101,38.7,Hot Chocolate
4/7/2024,12:02:04 AM,card,ANON-0000-0000-0101,33.8,Americano with Milk
4/8/2024,12:58:21 AM,card,ANON-0000-0000-0102,33.8,Americano with Milk
4/8/2024,12:59:28 AM,card,ANON-0000-0000-0103,38.7,Cappuccino
4/8/2024,12:01:20 AM,card,ANON-0000-0000-0012,28.9,Americano
4/8/2024,12:04:47 AM,card,ANON-0000-0000-0104,38.7,Cappuccino
4/8/2024,12:54:26 AM,cash,,25,Espresso
4/8/2024,12:43:37 AM,cash,,35,Americano with Milk
4/8/2024,12:41:38 AM,card,ANON-0000-0000-0017,38.7,Latte
4/8/2024,12:18:10 AM,card,ANON-0000-0000-0105,28.9,Americano
4/8/2024,12:22:27 AM,card,ANON-0000-0000-0024,33.8,Americano with Milk
4/8/2024,12:23:59 AM,card,ANON-0000-0000-0106,38.7,Cappuccino
4/9/2024,12:22:27 AM,cash,,40,Cappuccino
4/9/2024,12:24:10 AM,cash,,30,Americano
4/9/2024,12:42:29 AM,card,ANON-0000-0000-0091,38.7,Latte
4/9/2024,12:11:49 AM,card,ANON-0000-0000-0107,38.7,Hot Chocolate
4/9/2024,12:25:24 AM,card,ANON-0000-0000-0049,38.7,Hot Chocolate
4/10/2024,12:21:26 AM,cash,,25,Espresso
4/10/2024,12:55:07 AM,cash,,40,Hot Chocolate
4/10/2024,12:55:31 AM,card,ANON-0000-0000-0108,24,Espresso
4/10/2024,12:24:59 AM,card,ANON-0000-0000-0009,38.7,Cappuccino
4/10/2024,12:04:05 AM,card,ANON-0000-0000-0109,38.7,Latte
4/11/2024,12:41:23 AM,card,ANON-0000-0000-0110,28.9,Americano
4/11/2024,12:42:59 AM,card,ANON-0000-0000-0110,28.9,Americano
4/11/2024,12:35:23 AM,card,ANON-0000-0000-0017,38.7,Latte
4/11/2024,12:16:57 AM,card,ANON-0000-0000-0106,38.7,Cappuccino
4/11/2024,12:18:37 AM,card,ANON-0000-0000-0024,33.8,Americano with Milk
4/12/2024,12:03:43 AM,card,ANON-0000-0000-0019,38.7,Hot Chocolate
4/12/2024,12:38:23 AM,card,ANON-0000-0000-0009,28.9,Cortado
4/13/2024,12:29:20 AM,card,ANON-0000-0000-0009,38.7,Latte
4/13/2024,12:43:02 AM,card,ANON-0000-0000-0012,28.9,Americano
4/13/2024,12:06:52 AM,cash,,40,Hot Chocolate
4/13/2024,12:07:56 AM,cash,,40,Hot Chocolate
4/13/2024,12:18:04 AM,card,ANON-0000-0000-0111,38.7,Cappuccino
4/13/2024,12:19:40 AM,card,ANON-0000-0000-0111,38.7,Latte
4/13/2024,12:51:26 AM,card,ANON-0000-0000-0112,38.7,Cappuccino
4/13/2024,12:53:19 AM,card,ANON-0000-0000-0012,38.7,Cappuccino
4/14/2024,12:55:27 AM,cash,,40,Latte
4/14/2024,12:24:39 AM,card,ANON-0000-0000-0113,38.7,Cappuccino
4/14/2024,12:27:09 AM,cash,,30,Cortado
4/14/2024,12:29:07 AM,cash,,30,Cortado
4/14/2024,12:31:36 AM,cash,,35,Americano with Milk
4/14/2024,12:21:50 AM,card,ANON-0000-0000-0114,28.9,Cortado
4/14/2024,12:23:32 AM,card,ANON-0000-0000-0012,28.9,Americano
4/14/2024,12:24:27 AM,card,ANON-0000-0000-0012,28.9,Americano
4/14/2024,12:25:18 AM,card,ANON-0000-0000-0012,28.9,Americano
4/14/2024,12:46:28 AM,card,ANON-0000-0000-0017,38.7,Cappuccino
4/14/2024,12:59:55 AM,card,ANON-0000-0000-0012,28.9,Cortado
4/14/2024,12:00:45 AM,card,ANON-0000-0000-0019,38.7,Latte
4/14/2024,12:38:20 AM,card,ANON-0000-0000-0115,38.7,Cappuccino
4/15/2024,12:45:25 AM,card,ANON-0000-0000-0064,28.9,Americano
4/15/2024,12:01:46 AM,card,ANON-0000-0000-0003,28.9,Americano
4/15/2024,12:02:50 AM,card,ANON-0000-0000-0004,33.8,Americano with Milk
4/15/2024,12:33:03 AM,card,ANON-0000-0000-0009,33.8,Americano with Milk
4/15/2024,12:41:58 AM,cash,,25,Espresso
4/16/2024,12:43:50 AM,cash,,35,Americano with Milk
4/16/2024,12:46:26 AM,card,ANON-0000-0000-0116,33.8,Americano with Milk
4/16/2024,12:40:48 AM,card,ANON-0000-0000-0117,38.7,Cocoa
4/16/2024,12:52:08 AM,card,ANON-0000-0000-0064,28.9,Cortado
4/16/2024,12:03:17 AM,card,ANON-0000-0000-0118,28.9,Americano
4/16/2024,12:42:04 AM,card,ANON-0000-0000-0024,33.8,Americano with Milk
4/16/2024,12:43:23 AM,card,ANON-0000-0000-0009,38.7,Cappuccino
4/16/2024,12:09:05 AM,card,ANON-0000-0000-0050,38.7,Cocoa
4/17/2024,12:33:00 AM,card,ANON-0000-0000-0012,28.9,Americano
4/17/2024,12:44:00 AM,card,ANON-0000-0000-0119,24,Espresso
4/17/2024,12:13:24 AM,cash,,40,Cappuccino
4/17/2024,12:01:35 AM,card,ANON-0000-0000-0120,38.7,Cappuccino
4/17/2024,12:02:41 AM,card,ANON-0000-0000-0120,38.7,Cappuccino
4/17/2024,12:14:03 AM,card,ANON-0000-0000-0121,28.9,Cortado
4/18/2024,12:19:02 AM,card,ANON-0000-0000-0003,28.9,Americano
4/18/2024,12:20:06 AM,card,ANON-0000-0000-0003,28.9,Americano
4/18/2024,12:49:13 AM,card,ANON-0000-0000-0122,33.8,Americano with Milk
4/18/2024,12:50:17 AM,card,ANON-0000-0000-0122,28.9,Cortado
4/18/2024,12:34:20 AM,card,ANON-0000-0000-0123,38.7,Cappuccino
4/18/2024,12:35:49 AM,card,ANON-0000-0000-0123,38.7,Latte
4/18/2024,12:44:16 AM,card,ANON-0000-0000-0069,38.7,Latte
4/18/2024,12:21:06 AM,card,ANON-0000-0000-0085,38.7,Cappuccino
4/18/2024,12:39:51 AM,card,ANON-0000-0000-0024,38.7,Hot Chocolate
4/18/2024,12:40:49 AM,card,ANON-0000-0000-0009,38.7,Hot Chocolate
4/19/2024,12:10:36 AM,card,ANON-0000-0000-0001,38.7,Latte
4/19/2024,12:11:48 AM,card,ANON-0000-0000-0040,33.8,Americano with Milk
4/19/2024,12:13:21 AM,card,ANON-0000-0000-0040,38.7,Cappuccino
4/19/2024,12:58:54 AM,card,ANON-0000-0000-0124,38.7,Hot Chocolate
4/19/2024,12:59:50 AM,card,ANON-0000-0000-0124,38.7,Cappuccino
4/19/2024,12:23:19 AM,card,ANON-0000-0000-0024,38.7,Cocoa
4/19/2024,12:25:33 AM,card,ANON-0000-0000-0009,33.8,Americano with Milk
4/20/2024,12:24:43 AM,cash,,35,Americano with Milk
4/20/2024,12:08:36 AM,card,ANON-0000-0000-0125,33.8,Americano with Milk
4/20/2024,12:09:43 AM,card,ANON-0000-0000-0125,33.8,Americano with Milk
4/20/2024,12:08:37 AM,card,ANON-0000-0000-0118,28.9,Americano
4/20/2024,12:09:48 AM,card,ANON-0000-0000-0118,33.8,Americano with Milk
4/20/2024,12:10:55 AM,card,ANON-0000-0000-0118,38.7,Hot Chocolate
4/20/2024,12:44:18 AM,card,ANON-0000-0000-0040,38.7,Cappuccino
4/20/2024,12:11:00 AM,card,ANON-0000-0000-0009,33.8,Americano with Milk
4/20/2024,12:22:41 AM,card,ANON-0000-0000-0012,32.82,Americano with Milk
4/20/2024,12:49:25 AM,card,ANON-0000-0000-0126,32.82,Americano with Milk
4/20/2024,12:07:58 AM,cash,,39,Cocoa
4/20/2024,12:27:41 AM,card,ANON-0000-0000-0127,37.72,Cappuccino
4/20/2024,12:28:47 AM,card,ANON-0000-0000-0127,37.72,Cappuccino
4/20/2024,12:30:55 AM,card,ANON-0000-0000-0128,37.72,Latte
4/21/2024,12:16:46 AM,card,ANON-0000-0000-0001,37.72,Latte
4/21/2024,12:15:37 AM,card,ANON-0000-0000-0099,27.92,Americano
4/21/2024,12:09:03 AM,cash,,39,Cappuccino
4/22/2024,12:09:16 AM,card,ANON-0000-0000-0012,27.92,Americano
4/22/2024,12:29:27 AM,card,ANON-0000-0000-0129,32.82,Americano with Milk
4/22/2024,12:40:33 AM,cash,,39,Latte
4/22/2024,12:39:05 AM,card,ANON-0000-0000-0009,37.72,Latte
4/22/2024,12:02:29 AM,cash,,39,Cappuccino
4/23/2024,12:22:36 AM,card,ANON-0000-0000-0025,37.72,Cappuccino
4/23/2024,12:23:53 AM,card,ANON-0000-0000-0024,32.82,Americano with Milk
4/23/2024,12:24:57 AM,card,ANON-0000-0000-0009,37.72,Cappuccino
4/23/2024,12:42:28 AM,card,ANON-0000-0000-0130,32.82,Americano with Milk
4/23/2024,12:43:26 AM,card,ANON-0000-0000-0130,32.82,Americano with Milk
4/24/2024,12:19:38 AM,card,ANON-0000-0000-0001,37.72,Latte
4/24/2024,12:21:27 AM,card,ANON-0000-0000-0131,32.82,Americano with Milk
4/24/2024,12:23:46 AM,card,ANON-0000-0000-0132,32.82,Americano with Milk
4/24/2024,12:33:26 AM,card,ANON-0000-0000-0133,32.82,Americano with Milk
4/24/2024,12:39:09 AM,card,ANON-0000-0000-0059,32.82,Americano with Milk
4/24/2024,12:39:07 AM,card,ANON-0000-0000-0009,32.82,Americano with Milk
4/24/2024,12:39:50 AM,card,ANON-0000-0000-0134,32.82,Americano with Milk
4/24/2024,12:40:54 AM,card,ANON-0000-0000-0134,37.72,Cappuccino
4/25/2024,12:46:08 AM,card,ANON-0000-0000-0135,27.92,Americano
4/25/2024,12:18:27 AM,card,ANON-0000-0000-0009,37.72,Latte
4/25/2024,12:09:43 AM,card,ANON-0000-0000-0012,27.92,Americano
4/25/2024,12:10:49 AM,card,ANON-0000-0000-0012,27.92,Americano
4/26/2024,12:12:51 AM,card,ANON-0000-0000-0001,37.72,Latte
4/26/2024,12:01:31 AM,card,ANON-0000-0000-0136,37.72,Latte
4/26/2024,12:31:28 AM,card,ANON-0000-0000-0137,37.72,Cappuccino
4/26/2024,12:32:35 AM,card,ANON-0000-0000-0012,27.92,Americano
4/26/2024,12:33:33 AM,card,ANON-0000-0000-0012,27.92,Americano
4/26/2024,12:23:26 AM,card,ANON-0000-0000-0138,27.92,Cortado
4/26/2024,12:24:34 AM,card,ANON-0000-0000-0139,27.92,Americano
4/26/2024,12:32:07 AM,card,ANON-0000-0000-0009,37.72,Hot Chocolate
4/26/2024,12:33:30 AM,card,ANON-0000-0000-0009,37.72,Cocoa
4/27/2024,12:27:01 AM,card,ANON-0000-0000-0009,37.72,Cappuccino
4/28/2024,12:32:52 AM,card,ANON-0000-0000-0001,37.72,Latte
4/28/2024,12:30:10 AM,card,ANON-0000-0000-0140,37.72,Cappuccino
4/28/2024,12:27:08 AM,card,ANON-0000-0000-0012,27.92,Americano
4/28/2024,12:28:11 AM,card,ANON-0000-0000-0012,27.92,Americano
4/28/2024,12:29:02 AM,card,ANON-0000-0000-0019,37.72,Latte
4/29/2024,12:26:32 AM,card,ANON-0000-0000-0141,27.92,Cortado
4/29/2024,12:27:57 AM,card,ANON-0000-0000-0003,27.92,Americano
4/29/2024,12:28:54 AM,card,ANON-0000-0000-0003,27.92,Cortado
4/29/2024,12:53:36 AM,card,ANON-0000-0000-0141,27.92,Cortado
4/29/2024,12:54:24 AM,card,ANON-0000-0000-0141,32.82,Americano with Milk
4/29/2024,12:37:48 AM,card,ANON-0000-0000-0140,37.72,Cappuccino
4/29/2024,12:12:33 AM,card,ANON-0000-0000-0134,37.72,Cappuccino
4/29/2024,12:13:38 AM,card,ANON-0000-0000-0134,37.72,Cappuccino
4/30/2024,12:16:41 AM,card,ANON-0000-0000-0142,37.72,Latte
4/30/2024,12:34:52 AM,card,ANON-0000-0000-0142,32.82,Americano with Milk
4/30/2024,12:35:48 AM,card,ANON-0000-0000-0142,32.82,Americano with Milk
4/30/2024,12:41:52 AM,card,ANON-0000-0000-0142,27.92,Americano
4/30/2024,12:43:00 AM,card,ANON-0000-0000-0142,32.82,Americano with Milk
4/30/2024,12:19:18 AM,card,ANON-0000-0000-0142,37.72,Cappuccino
4/30/2024,12:30:04 AM,card,ANON-0000-0000-0142,32.82,Americano with Milk
4/30/2024,12:31:21 AM,card,ANON-0000-0000-0142,37.72,Latte
5/2/2024,12:33:56 AM,card,ANON-0000-0000-0143,27.92,Americano
5/2/2024,12:29:57 AM,cash,,39,Latte
5/2/2024,12:49:40 AM,card,ANON-0000-0000-0133,32.82,Americano with Milk
5/2/2024,12:36:22 AM,card,ANON-0000-0000-0144,37.72,Cappuccino
5/2/2024,12:41:11 AM,card,ANON-0000-0000-0024,32.82,Americano with Milk
5/2/2024,12:18:33 AM,card,ANON-0000-0000-0145,37.72,Latte
5/2/2024,12:19:56 AM,card,ANON-0000-0000-0145,37.72,Cappuccino
5/3/2024,12:11:53 AM,cash,,39,Latte
5/3/2024,12:30:01 AM,card,ANON-0000-0000-0146,37.72,Latte
5/3/2024,12:03:25 AM,card,ANON-0000-0000-0147,37.72,Latte
5/6/2024,12:05:18 AM,card,ANON-0000-0000-0148,27.92,Americano
5/6/2024,12:06:52 AM,card,ANON-0000-0000-0149,37.72,Cappuccino
5/6/2024,12:08:06 AM,card,ANON-0000-0000-0149,32.82,Americano with Milk
5/6/2024,12:09:08 AM,card,ANON-0000-0000-0150,27.92,Americano
5/6/2024,12:39:13 AM,card,ANON-0000-0000-0141,27.92,Cortado
5/6/2024,12:34:21 AM,cash,,29,Americano
5/6/2024,12:18:11 AM,card,ANON-0000-0000-0148,27.92,Cortado
5/6/2024,12:19:01 AM,card,ANON-0000-0000-0148,27.92,Americano
5/6/2024,12:18:13 AM,card,ANON-0000-0000-0151,37.72,Cappuccino
5/6/2024,12:19:49 AM,card,ANON-0000-0000-0151,37.72,Cappuccino
5/7/2024,12:44:56 AM,card,ANON-0000-0000-0148,37.72,Cocoa
5/7/2024,12:21:59 AM,card,ANON-0000-0000-0141,27.92,Cortado
5/7/2024,12:23:35 AM,card,ANON-0000-0000-0077,27.92,Cortado
5/7/2024,12:42:08 AM,card,ANON-0000-0000-0148,37.72,Cocoa
5/7/2024,12:55:39 AM,card,ANON-0000-0000-0152,27.92,Americano
5/7/2024,12:37:46 AM,card,ANON-0000-0000-0153,37.72,Cappuccino
5/7/2024,12:38:48 AM,card,ANON-0000-0000-0153,37.72,Latte
5/7/2024,12:35:37 AM,cash,,34,Americano with Milk
5/7/2024,12:12:13 AM,card,ANON-0000-0000-0154,37.72,Cappuccino
5/7/2024,12:13:12 AM,card,ANON-0000-0000-0154,37.72,Cappuccino
5/8/2024,12:07:29 AM,card,ANON-0000-0000-0001,37.72,Latte
5/9/2024,12:54:22 AM,card,ANON-0000-0000-0155,37.72,Cappuccino
5/9/2024,12:03:59 AM,card,ANON-0000-0000-0156,27.92,Americano
5/9/2024,12:04:58 AM,card,ANON-0000-0000-0156,37.72,Latte
5/9/2024,12:06:11 AM,card,ANON-0000-0000-0156,37.72,Latte
5/9/2024,12:07:16 AM,card,ANON-0000-0000-0156,37.72,Latte
5/9/2024,12:55:15 AM,card,ANON-0000-0000-0118,27.92,Americano
5/9/2024,12:56:15 AM,card,ANON-0000-0000-0118,27.92,Americano
5/9/2024,12:01:30 AM,card,ANON-0000-0000-0157,27.92,Americano
5/9/2024,12:13:56 AM,card,ANON-0000-0000-0143,32.82,Americano with Milk
5/10/2024,12:09:22 AM,cash,,39,Latte
5/10/2024,12:46:22 AM,card,ANON-0000-0000-0158,37.72,Latte
5/10/2024,12:47:33 AM,card,ANON-0000-0000-0158,37.72,Latte
5/10/2024,12:20:15 AM,cash,,34,Americano with Milk
5/11/2024,12:39:53 AM,card,ANON-0000-0000-0069,37.72,Latte
5/11/2024,12:02:44 AM,cash,,39,Latte
5/11/2024,12:20:30 AM,card,ANON-0000-0000-0009,32.82,Americano with Milk
5/11/2024,12:21:56 AM,card,ANON-0000-0000-0026,37.72,Cocoa
5/11/2024,12:23:57 AM,card,ANON-0000-0000-0040,37.72,Cappuccino
5/11/2024,12:28:54 AM,card,ANON-0000-0000-0012,32.82,Americano with Milk
5/11/2024,12:35:40 AM,card,ANON-0000-0000-0115,37.72,Cappuccino
5/11/2024,12:38:16 AM,card,ANON-0000-0000-0159,37.72,Latte
5/12/2024,12:20:43 AM,card,ANON-0000-0000-0001,37.72,Latte
5/12/2024,12:24:04 AM,card,ANON-0000-0000-0160,37.72,Latte
5/12/2024,12:27:39 AM,card,ANON-0000-0000-0161,27.92,Americano
5/12/2024,12:16:20 AM,card,ANON-0000-0000-0077,37.72,Latte
5/12/2024,12:38:02 AM,card,ANON-0000-0000-0162,32.82,Americano with Milk
5/12/2024,12:52:15 AM,card,ANON-0000-0000-0163,32.82,Americano with Milk
5/12/2024,12:04:21 AM,card,ANON-0000-0000-0012,32.82,Americano with Milk
5/12/2024,12:41:31 AM,card,ANON-0000-0000-0009,32.82,Americano with Milk
5/13/2024,12:03:53 AM,card,ANON-0000-0000-0164,32.82,Americano with Milk
5/13/2024,12:31:11 AM,cash,,29,Americano
5/13/2024,12:31:51 AM,cash,,29,Americano
5/14/2024,12:38:15 AM,card,ANON-0000-0000-0012,27.92,Americano
5/14/2024,12:39:25 AM,card,ANON-0000-0000-0012,27.92,Americano
5/14/2024,12:40:17 AM,card,ANON-0000-0000-0012,27.92,Americano
5/14/2024,12:19:23 AM,card,ANON-0000-0000-0012,37.72,Cappuccino
5/14/2024,12:32:29 AM,card,ANON-0000-0000-0165,37.72,Latte
5/14/2024,12:34:13 AM,card,ANON-0000-0000-0165,37.72,Cappuccino
5/14/2024,12:04:55 AM,card,ANON-0000-0000-0025,37.72,Cappuccino
5/14/2024,12:06:00 AM,card,ANON-0000-0000-0009,32.82,Americano with Milk
5/14/2024,12:01:55 AM,card,ANON-0000-0000-0040,27.92,Americano
5/14/2024,12:57:57 AM,card,ANON-0000-0000-0166,32.82,Americano with Milk
5/14/2024,12:59:10 AM,card,ANON-0000-0000-0166,37.72,Cappuccino
5/14/2024,12:51:25 AM,card,ANON-0000-0000-0167,37.72,Hot Chocolate
5/15/2024,12:40:06 AM,card,ANON-0000-0000-0168,37.72,Latte
5/15/2024,12:14:19 AM,card,ANON-0000-0000-0012,23.02,Espresso
5/15/2024,12:19:10 AM,card,ANON-0000-0000-0012,27.92,Americano
5/15/2024,12:34:35 AM,card,ANON-0000-0000-0003,27.92,Americano
5/15/2024,12:35:29 AM,card,ANON-0000-0000-0003,27.92,Americano
5/15/2024,12:36:27 AM,card,ANON-0000-0000-0003,27.92,Americano
5/15/2024,12:55:29 AM,card,ANON-0000-0000-0164,32.82,Americano with Milk
5/15/2024,12:38:11 AM,cash,,29,Americano
5/15/2024,12:38:52 AM,card,ANON-0000-0000-0169,27.92,Cortado
5/15/2024,12:39:44 AM,card,ANON-0000-0000-0012,27.92,Cortado
5/15/2024,12:28:59 AM,card,ANON-0000-0000-0170,23.02,Espresso
5/15/2024,12:20:35 AM,card,ANON-0000-0000-0171,37.72,Cappuccino
5/16/2024,12:38:42 AM,card,ANON-0000-0000-0097,32.82,Americano with Milk
5/16/2024,12:39:49 AM,card,ANON-0000-0000-0172,32.82,Americano with Milk
5/16/2024,12:42:50 AM,cash,,39,Latte
5/16/2024,12:44:21 AM,cash,,39,Cappuccino
5/16/2024,12:14:00 AM,card,ANON-0000-0000-0173,32.82,Americano with Milk
5/16/2024,12:15:16 AM,card,ANON-0000-0000-0174,37.72,Hot Chocolate
5/16/2024,12:44:31 AM,card,ANON-0000-0000-0069,37.72,Latte
5/16/2024,12:12:57 AM,card,ANON-0000-0000-0175,37.72,Hot Chocolate
5/16/2024,12:13:58 AM,card,ANON-0000-0000-0175,37.72,Latte
5/17/2024,12:00:48 AM,card,ANON-0000-0000-0033,27.92,Americano
5/17/2024,12:30:28 AM,card,ANON-0000-0000-0164,32.82,Americano with Milk
5/17/2024,12:58:03 AM,cash,,34,Americano with Milk
5/17/2024,12:55:19 AM,card,ANON-0000-0000-0012,32.82,Americano with Milk
5/17/2024,12:56:47 AM,card,ANON-0000-0000-0009,37.72,Cappuccino
5/17/2024,12:37:53 AM,card,ANON-0000-0000-0176,37.72,Cappuccino
5/17/2024,12:34:51 AM,card,ANON-0000-0000-0177,27.92,Americano
5/17/2024,12:36:33 AM,card,ANON-0000-0000-0178,37.72,Latte
5/17/2024,12:37:43 AM,card,ANON-0000-0000-0179,37.72,Latte
5/18/2024,12:01:38 AM,card,ANON-0000-0000-0180,37.72,Cappuccino
5/18/2024,12:02:40 AM,card,ANON-0000-0000-0180,37.72,Cappuccino
5/18/2024,12:15:56 AM,card,ANON-0000-0000-0181,32.82,Americano with Milk
5/18/2024,12:48:29 AM,card,ANON-0000-0000-0172,32.82,Americano with Milk
5/18/2024,12:49:27 AM,card,ANON-0000-0000-0097,32.82,Americano with Milk
5/18/2024,12:58:44 AM,card,ANON-0000-0000-0040,32.82,Americano with Milk
5/18/2024,12:22:53 AM,card,ANON-0000-0000-0009,37.72,Latte
5/18/2024,12:05:28 AM,cash,,39,Cappuccino
5/19/2024,12:58:38 AM,card,ANON-0000-0000-0182,27.92,Americano
5/19/2024,12:59:34 AM,card,ANON-0000-0000-0182,27.92,Americano
5/19/2024,12:00:35 AM,card,ANON-0000-0000-0183,37.72,Cappuccino
5/19/2024,12:28:50 AM,cash,,24,Espresso
5/19/2024,12:14:27 AM,card,ANON-0000-0000-0184,32.82,Americano with Milk
5/19/2024,12:43:40 AM,card,ANON-0000-0000-0012,27.92,Americano
5/19/2024,12:58:58 AM,card,ANON-0000-0000-0185,32.82,Americano with Milk
5/19/2024,12:12:36 AM,card,ANON-0000-0000-0186,32.82,Americano with Milk
5/19/2024,12:13:48 AM,card,ANON-0000-0000-0186,23.02,Espresso
5/19/2024,12:16:30 AM,card,ANON-0000-0000-0186,37.72,Hot Chocolate
5/19/2024,12:51:07 AM,card,ANON-0000-0000-0187,37.72,Cappuccino
5/19/2024,12:15:42 AM,card,ANON-0000-0000-0188,37.72,Cappuccino
5/19/2024,12:18:36 AM,card,ANON-0000-0000-0189,37.72,Cappuccino
5/20/2024,12:05:59 AM,card,ANON-0000-0000-0190,32.82,Americano with Milk
5/20/2024,12:17:52 AM,card,ANON-0000-0000-0191,37.72,Latte
5/20/2024,12:58:48 AM,card,ANON-0000-0000-0001,37.72,Latte
5/20/2024,12:15:16 AM,card,ANON-0000-0000-0143,27.92,Americano
5/20/2024,12:16:20 AM,card,ANON-0000-0000-0143,27.92,Americano
5/20/2024,12:27:13 AM,card,ANON-0000-0000-0003,27.92,Americano
5/20/2024,12:28:10 AM,card,ANON-0000-0000-0003,27.92,Americano
5/20/2024,12:13:19 AM,card,ANON-0000-0000-0192,32.82,Americano with Milk
5/20/2024,12:14:31 AM,card,ANON-0000-0000-0192,37.72,Cappuccino
5/20/2024,12:32:21 AM,cash,,29,Americano
5/20/2024,12:12:51 AM,card,ANON-0000-0000-0120,37.72,Latte
5/20/2024,12:13:57 AM,card,ANON-0000-0000-0193,37.72,Latte
5/20/2024,12:36:48 AM,card,ANON-0000-0000-0194,32.82,Americano with Milk
5/20/2024,12:37:57 AM,card,ANON-0000-0000-0194,37.72,Cocoa
5/20/2024,12:46:52 AM,card,ANON-0000-0000-0195,27.92,Cortado
5/20/2024,12:36:54 AM,card,ANON-0000-0000-0012,32.82,Americano with Milk
5/20/2024,12:37:58 AM,card,ANON-0000-0000-0012,32.82,Americano with Milk
5/21/2024,12:27:38 AM,card,ANON-0000-0000-0196,37.72,Latte
5/21/2024,12:43:51 AM,cash,,29,Americano
5/21/2024,12:44:40 AM,cash,,34,Americano with Milk
5/21/2024,12:46:09 AM,cash,,39,Cocoa
5/21/2024,12:05:08 AM,cash,,39,Latte
5/21/2024,12:10:20 AM,card,ANON-0000-0000-0197,37.72,Latte
5/21/2024,12:13:24 AM,card,ANON-0000-0000-0012,23.02,Espresso
5/21/2024,12:11:09 AM,card,ANON-0000-0000-0198,37.72,Cappuccino
5/21/2024,12:13:48 AM,card,ANON-0000-0000-0199,37.72,Cappuccino
5/22/2024,12:34:42 AM,card,ANON-0000-0000-0200,37.72,Cappuccino
5/22/2024,12:49:47 AM,card,ANON-0000-0000-0191,32.82,Americano with Milk
5/22/2024,12:18:14 AM,card,ANON-0000-0000-0141,27.92,Cortado
5/22/2024,12:34:55 AM,card,ANON-0000-0000-0097,32.82,Americano with Milk
5/22/2024,12:29:51 AM,card,ANON-0000-0000-0012,27.92,Americano
5/22/2024,12:30:43 AM,card,ANON-0000-0000-0012,27.92,Americano
5/22/2024,12:00:21 AM,card,ANON-0000-0000-0009,32.82,Americano with Milk
5/22/2024,12:24:58 AM,card,ANON-0000-0000-0134,37.72,Cappuccino
5/22/2024,12:25:59 AM,card,ANON-0000-0000-0134,37.72,Cappuccino
5/22/2024,12:23:53 AM,card,ANON-0000-0000-0180,37.72,Hot Chocolate
5/22/2024,12:24:50 AM,card,ANON-0000-0000-0180,37.72,Cappuccino
5/23/2024,12:10:20 AM,card,ANON-0000-0000-0201,37.72,Cappuccino
5/23/2024,12:22:07 AM,card,ANON-0000-0000-0202,23.02,Espresso
5/23/2024,12:55:17 AM,card,ANON-0000-0000-0180,37.72,Cappuccino
5/23/2024,12:56:27 AM,card,ANON-0000-0000-0203,37.72,Cappuccino
5/23/2024,12:18:14 AM,card,ANON-0000-0000-0180,37.72,Cappuccino
5/23/2024,12:41:00 AM,card,ANON-0000-0000-0077,37.72,Latte
5/23/2024,12:14:33 AM,card,ANON-0000-0000-0153,37.72,Cappuccino
5/23/2024,12:15:45 AM,card,ANON-0000-0000-0153,37.72,Latte
5/23/2024,12:03:54 AM,card,ANON-0000-0000-0204,27.92,Cortado
5/23/2024,12:17:28 AM,card,ANON-0000-0000-0134,37.72,Cappuccino
5/23/2024,12:18:26 AM,card,ANON-0000-0000-0205,37.72,Cappuccino
5/23/2024,12:42:31 AM,card,ANON-0000-0000-0206,37.72,Cappuccino
5/23/2024,12:15:01 AM,card,ANON-0000-0000-0207,37.72,Cappuccino
5/23/2024,12:16:24 AM,card,ANON-0000-0000-0207,37.72,Latte
5/23/2024,12:48:11 AM,card,ANON-0000-0000-0208,32.82,Americano with Milk
5/23/2024,12:55:37 AM,cash,,39,Hot Chocolate
5/24/2024,12:11:59 AM,card,ANON-0000-0000-0141,27.92,Cortado
5/24/2024,12:15:08 AM,card,ANON-0000-0000-0012,27.92,Americano
5/24/2024,12:16:13 AM,card,ANON-0000-0000-0012,27.92,Americano
5/24/2024,12:07:20 AM,card,ANON-0000-0000-0081,37.72,Hot Chocolate
5/24/2024,12:17:40 AM,card,ANON-0000-0000-0209,27.92,Cortado
5/24/2024,12:18:37 AM,card,ANON-0000-0000-0209,27.92,Cortado
5/24/2024,12:30:40 AM,card,ANON-0000-0000-0210,32.82,Americano with Milk
5/25/2024,12:40:59 AM,cash,,29,Americano
5/25/2024,12:13:53 AM,card,ANON-0000-0000-0211,37.72,Latte
5/25/2024,12:40:24 AM,cash,,29,Americano
5/25/2024,12:42:10 AM,card,ANON-0000-0000-0212,32.82,Americano with Milk
5/25/2024,12:43:13 AM,card,ANON-0000-0000-0212,32.82,Americano with Milk
5/25/2024,12:58:12 AM,card,ANON-0000-0000-0213,32.82,Americano with Milk
5/25/2024,12:47:10 AM,card,ANON-0000-0000-0040,32.82,Americano with Milk
5/25/2024,12:48:17 AM,card,ANON-0000-0000-0040,27.92,Americano
5/26/2024,12:20:02 AM,card,ANON-0000-0000-0001,37.72,Latte
5/26/2024,12:24:50 AM,card,ANON-0000-0000-0214,32.82,Americano with Milk
5/26/2024,12:26:05 AM,card,ANON-0000-0000-0215,27.92,Cortado
5/26/2024,12:40:59 AM,card,ANON-0000-0000-0216,32.82,Americano with Milk
5/26/2024,12:19:15 AM,card,ANON-0000-0000-0217,37.72,Cappuccino
5/26/2024,12:09:53 AM,card,ANON-0000-0000-0218,37.72,Hot Chocolate
5/26/2024,12:11:02 AM,card,ANON-0000-0000-0218,37.72,Hot Chocolate
5/26/2024,12:13:14 AM,card,ANON-0000-0000-0218,27.92,Americano
5/26/2024,12:39:19 AM,card,ANON-0000-0000-0219,37.72,Latte
5/26/2024,12:59:15 AM,card,ANON-0000-0000-0220,37.72,Hot Chocolate
5/26/2024,12:00:06 AM,card,ANON-0000-0000-0220,37.72,Cappuccino
5/26/2024,12:02:37 AM,card,ANON-0000-0000-0221,27.92,Cortado
5/26/2024,12:03:52 AM,card,ANON-0000-0000-0222,37.72,Cappuccino
5/26/2024,12:04:59 AM,card,ANON-0000-0000-0221,37.72,Latte
5/26/2024,12:06:03 AM,card,ANON-0000-0000-0223,37.72,Cappuccino
5/27/2024,12:34:55 AM,card,ANON-0000-0000-0012,27.92,Americano
5/27/2024,12:05:22 AM,card,ANON-0000-0000-0224,32.82,Americano with Milk
5/27/2024,12:06:44 AM,card,ANON-0000-0000-0224,37.72,Cocoa
5/27/2024,12:11:34 AM,card,ANON-0000-0000-0225,27.92,Americano
5/27/2024,12:14:06 AM,card,ANON-0000-0000-0225,27.92,Americano
5/27/2024,12:50:56 AM,card,ANON-0000-0000-0203,37.72,Latte
5/27/2024,12:00:51 AM,card,ANON-0000-0000-0226,27.92,Americano
5/27/2024,12:16:27 AM,card,ANON-0000-0000-0227,37.72,Latte
5/27/2024,12:17:39 AM,card,ANON-0000-0000-0228,37.72,Latte
5/27/2024,12:29:07 AM,card,ANON-0000-0000-0192,32.82,Americano with Milk
5/27/2024,12:30:20 AM,card,ANON-0000-0000-0206,37.72,Cappuccino
5/28/2024,12:37:09 AM,card,ANON-0000-0000-0012,32.82,Americano with Milk
5/28/2024,12:20:11 AM,card,ANON-0000-0000-0097,32.82,Americano with Milk
5/28/2024,12:48:19 AM,card,ANON-0000-0000-0229,37.72,Cappuccino
5/28/2024,12:14:40 AM,card,ANON-0000-0000-0230,37.72,Cappuccino
5/28/2024,12:10:54 AM,card,ANON-0000-0000-0194,37.72,Cocoa
5/28/2024,12:25:39 AM,card,ANON-0000-0000-0141,27.92,Cortado
5/28/2024,12:21:44 AM,cash,,39,Cappuccino
5/28/2024,12:09:29 AM,card,ANON-0000-0000-0231,27.92,Americano
5/28/2024,12:10:31 AM,card,ANON-0000-0000-0231,37.72,Latte
5/28/2024,12:24:32 AM,card,ANON-0000-0000-0009,32.82,Americano with Milk
5/28/2024,12:50:19 AM,card,ANON-0000-0000-0012,27.92,Americano
5/29/2024,12:14:44 AM,card,ANON-0000-0000-0232,37.72,Latte
5/29/2024,12:48:47 AM,cash,,39,Latte
5/29/2024,12:14:03 AM,card,ANON-0000-0000-0233,37.72,Hot Chocolate
5/29/2024,12:10:48 AM,card,ANON-0000-0000-0234,27.92,Americano
5/29/2024,12:22:56 AM,card,ANON-0000-0000-0235,37.72,Latte
5/29/2024,12:45:13 AM,card,ANON-0000-0000-0236,37.72,Cappuccino
5/29/2024,12:45:04 AM,card,ANON-0000-0000-0237,37.72,Latte
5/29/2024,12:24:03 AM,card,ANON-0000-0000-0238,27.92,Cortado
5/29/2024,12:24:59 AM,card,ANON-0000-0000-0238,37.72,Latte
5/29/2024,12:30:42 AM,card,ANON-0000-0000-0239,37.72,Hot Chocolate
5/29/2024,12:32:35 AM,card,ANON-0000-0000-0240,37.72,Cocoa
5/30/2024,12:29:06 AM,card,ANON-0000-0000-0241,37.72,Cappuccino
5/30/2024,12:30:22 AM,card,ANON-0000-0000-0241,37.72,Latte
5/30/2024,12:37:05 AM,card,ANON-0000-0000-0242,32.82,Americano with Milk
5/30/2024,12:47:59 AM,card,ANON-0000-0000-0001,37.72,Latte
5/30/2024,12:56:16 AM,card,ANON-0000-0000-0097,32.82,Americano with Milk
5/30/2024,12:16:16 AM,card,ANON-0000-0000-0243,23.02,Espresso
5/30/2024,12:17:39 AM,card,ANON-0000-0000-0012,23.02,Espresso
5/30/2024,12:53:11 AM,card,ANON-0000-0000-0206,37.72,Cappuccino
5/30/2024,12:31:05 AM,card,ANON-0000-0000-0244,37.72,Latte
5/30/2024,12:46:14 AM,card,ANON-0000-0000-0009,37.72,Hot Chocolate
5/30/2024,12:47:22 AM,card,ANON-0000-0000-0009,32.82,Americano with Milk
5/31/2024,12:53:57 AM,card,ANON-0000-0000-0245,32.82,Americano with Milk
5/31/2024,12:21:08 AM,card,ANON-0000-0000-0246,37.72,Latte
5/31/2024,12:23:59 AM,cash,,39,Latte
5/31/2024,12:38:08 AM,card,ANON-0000-0000-0247,37.72,Hot Chocolate
5/31/2024,12:39:06 AM,card,ANON-0000-0000-0248,37.72,Cocoa
5/31/2024,12:50:13 AM,card,ANON-0000-0000-0249,32.82,Americano with Milk
5/31/2024,12:23:45 AM,card,ANON-0000-0000-0250,37.72,Latte
5/31/2024,12:25:03 AM,card,ANON-0000-0000-0250,37.72,Latte
5/31/2024,12:06:39 AM,card,ANON-0000-0000-0180,37.72,Cappuccino
5/31/2024,12:33:06 AM,card,ANON-0000-0000-0134,32.82,Americano with Milk
5/31/2024,12:34:33 AM,card,ANON-0000-0000-0134,37.72,Latte
5/31/2024,12:05:47 AM,card,ANON-0000-0000-0206,37.72,Cappuccino
5/31/2024,12:06:53 AM,card,ANON-0000-0000-0206,32.82,Americano with Milk
5/31/2024,12:07:55 AM,card,ANON-0000-0000-0206,27.92,Cortado
6/1/2024,12:27:02 AM,card,ANON-0000-0000-0141,27.92,Cortado
6/1/2024,12:48:25 AM,card,ANON-0000-0000-0232,37.72,Latte
6/1/2024,12:38:09 AM,card,ANON-0000-0000-0250,37.72,Latte
6/1/2024,12:28:54 AM,card,ANON-0000-0000-0097,32.82,Americano with Milk
6/1/2024,12:20:13 AM,card,ANON-0000-0000-0251,32.82,Americano with Milk
6/1/2024,12:21:15 AM,card,ANON-0000-0000-0251,32.82,Americano with Milk
6/1/2024,12:50:11 AM,card,ANON-0000-0000-0154,37.72,Cappuccino
6/1/2024,12:51:14 AM,card,ANON-0000-0000-0154,37.72,Cappuccino
6/1/2024,12:54:59 AM,cash,,39,Cocoa
6/1/2024,12:59:10 AM,card,ANON-0000-0000-0252,37.72,Cocoa
6/1/2024,12:51:05 AM,card,ANON-0000-0000-0009,32.82,Americano with Milk
6/2/2024,12:03:26 AM,card,ANON-0000-0000-0009,37.72,Latte
6/2/2024,12:24:02 AM,card,ANON-0000-0000-0040,32.82,Americano with Milk
6/2/2024,12:25:07 AM,card,ANON-0000-0000-0040,37.72,Cappuccino
6/2/2024,12:07:20 AM,card,ANON-0000-0000-0097,32.82,Americano with Milk
6/2/2024,12:30:12 AM,card,ANON-0000-0000-0253,37.72,Latte
6/2/2024,12:43:11 AM,cash,,34,Americano with Milk
6/3/2024,12:12:04 AM,card,ANON-0000-0000-0001,37.72,Latte
6/3/2024,12:27:50 AM,card,ANON-0000-0000-0191,37.72,Latte
6/3/2024,12:31:42 AM,card,ANON-0000-0000-0025,37.72,Cappuccino
6/3/2024,12:33:01 AM,card,ANON-0000-0000-0024,32.82,Americano with Milk
6/3/2024,12:34:07 AM,card,ANON-0000-0000-0009,37.72,Latte
6/3/2024,12:42:52 AM,cash,,34,Americano with Milk
6/3/2024,12:43:37 AM,cash,,34,Americano with Milk
6/4/2024,12:23:43 AM,card,ANON-0000-0000-0141,27.92,Cortado
6/4/2024,12:27:14 AM,card,ANON-0000-0000-0097,32.82,Americano with Milk
6/4/2024,12:02:10 AM,card,ANON-0000-0000-0254,37.72,Latte
6/4/2024,12:05:29 AM,card,ANON-0000-0000-0254,37.72,Hot Chocolate
6/4/2024,12:30:33 AM,card,ANON-0000-0000-0255,37.72,Latte
6/4/2024,12:46:37 AM,card,ANON-0000-0000-0192,27.92,Cortado
6/4/2024,12:47:29 AM,card,ANON-0000-0000-0192,37.72,Cappuccino
6/4/2024,12:13:01 AM,card,ANON-0000-0000-0256,37.72,Hot Chocolate
6/4/2024,12:50:34 AM,card,ANON-0000-0000-0257,37.72,Cappuccino
6/4/2024,12:31:59 AM,card,ANON-0000-0000-0258,27.92,Cortado
6/4/2024,12:33:03 AM,card,ANON-0000-0000-0259,32.82,Americano with Milk
6/4/2024,12:34:56 AM,card,ANON-0000-0000-0260,32.82,Americano with Milk
6/4/2024,12:36:07 AM,card,ANON-0000-0000-0260,32.82,Americano with Milk
6/4/2024,12:37:15 AM,card,ANON-0000-0000-0260,32.82,Americano with Milk
6/5/2024,12:21:49 AM,card,ANON-0000-0000-0261,37.72,Cappuccino
6/5/2024,12:23:07 AM,card,ANON-0000-0000-0261,37.72,Cappuccino
6/5/2024,12:22:43 AM,card,ANON-0000-0000-0262,27.92,Americano
6/5/2024,12:28:51 AM,card,ANON-0000-0000-0001,37.72,Latte
6/5/2024,12:40:53 AM,card,ANON-0000-0000-0097,32.82,Americano with Milk
6/5/2024,12:43:58 AM,card,ANON-0000-0000-0263,32.82,Americano with Milk
6/5/2024,12:59:53 AM,card,ANON-0000-0000-0264,37.72,Latte
6/5/2024,12:10:48 AM,card,ANON-0000-0000-0220,37.72,Cocoa
6/5/2024,12:12:02 AM,card,ANON-0000-0000-0220,27.92,Cortado
6/6/2024,12:52:56 AM,card,ANON-0000-0000-0097,32.82,Americano with Milk
6/6/2024,12:54:09 AM,card,ANON-0000-0000-0097,32.82,Americano with Milk
6/6/2024,12:36:10 AM,card,ANON-0000-0000-0001,37.72,Latte
6/6/2024,12:17:41 AM,card,ANON-0000-0000-0265,27.92,Americano
6/6/2024,12:11:14 AM,card,ANON-0000-0000-0224,32.82,Americano with Milk
6/6/2024,12:24:06 AM,card,ANON-0000-0000-0266,37.72,Cappuccino
6/6/2024,12:14:05 AM,card,ANON-0000-0000-0267,37.72,Latte
6/6/2024,12:15:42 AM,card,ANON-0000-0000-0267,37.72,Latte
6/6/2024,12:18:27 AM,card,ANON-0000-0000-0206,37.72,Cappuccino
6/6/2024,12:19:30 AM,card,ANON-0000-0000-0206,32.82,Americano with Milk
6/6/2024,12:21:04 AM,card,ANON-0000-0000-0267,37.72,Latte
6/7/2024,12:18:04 AM,card,ANON-0000-0000-0268,37.72,Cappuccino
6/7/2024,12:35:28 AM,card,ANON-0000-0000-0269,23.02,Espresso
6/7/2024,12:34:18 AM,card,ANON-0000-0000-0164,32.82,Americano with Milk
6/7/2024,12:45:42 AM,card,ANON-0000-0000-0270,27.92,Cortado
6/7/2024,12:47:15 AM,card,ANON-0000-0000-0270,27.92,Cortado
6/8/2024,12:04:20 AM,card,ANON-0000-0000-0271,27.92,Cortado
6/8/2024,12:26:11 AM,card,ANON-0000-0000-0097,32.82,Americano with Milk
6/8/2024,12:24:54 AM,card,ANON-0000-0000-0134,37.72,Cappuccino
6/8/2024,12:25:56 AM,card,ANON-0000-0000-0134,37.72,Cappuccino
6/9/2024,12:15:53 AM,card,ANON-0000-0000-0097,37.72,Latte
6/9/2024,12:30:04 AM,card,ANON-0000-0000-0272,37.72,Latte
6/9/2024,12:52:06 AM,card,ANON-0000-0000-0273,37.72,Cappuccino
6/9/2024,12:04:41 AM,card,ANON-0000-0000-0141,27.92,Cortado
6/9/2024,12:07:08 AM,card,ANON-0000-0000-0274,23.02,Espresso
6/9/2024,12:52:50 AM,card,ANON-0000-0000-0275,37.72,Cappuccino
6/9/2024,12:11:24 AM,card,ANON-0000-0000-0276,32.82,Americano with Milk
6/9/2024,12:13:08 AM,card,ANON-0000-0000-0276,37.72,Latte
6/9/2024,12:14:11 AM,card,ANON-0000-0000-0276,37.72,Latte
6/9/2024,12:10:31 AM,card,ANON-0000-0000-0277,27.92,Cortado
6/9/2024,12:17:28 AM,card,ANON-0000-0000-0278,37.72,Cappuccino
6/9/2024,12:21:19 AM,card,ANON-0000-0000-0279,32.82,Americano with Milk
6/9/2024,12:05:09 AM,card,ANON-0000-0000-0280,27.92,Americano
6/10/2024,12:47:50 AM,card,ANON-0000-0000-0281,37.72,Cappuccino
6/10/2024,12:56:48 AM,card,ANON-0000-0000-0097,37.72,Latte
6/10/2024,12:04:28 AM,card,ANON-0000-0000-0282,37.72,Hot Chocolate
6/10/2024,12:05:23 AM,card,ANON-0000-0000-0282,37.72,Hot Chocolate
6/10/2024,12:37:24 AM,card,ANON-0000-0000-0283,37.72,Latte
6/10/2024,12:38:20 AM,card,ANON-0000-0000-0283,37.72,Latte
6/11/2024,12:38:04 AM,card,ANON-0000-0000-0284,32.82,Americano with Milk
6/11/2024,12:48:25 AM,card,ANON-0000-0000-0285,37.72,Latte
6/11/2024,12:49:36 AM,card,ANON-0000-0000-0285,37.72,Latte
6/11/2024,12:17:03 AM,card,ANON-0000-0000-0286,37.72,Hot Chocolate
6/11/2024,12:27:42 AM,card,ANON-0000-0000-0287,32.82,Americano with Milk
6/11/2024,12:28:50 AM,card,ANON-0000-0000-0287,32.82,Americano with Milk
6/12/2024,12:18:19 AM,card,ANON-0000-0000-0288,37.72,Hot Chocolate
6/12/2024,12:51:44 AM,card,ANON-0000-0000-0289,37.72,Cappuccino
6/12/2024,12:41:17 AM,card,ANON-0000-0000-0283,37.72,Latte
6/12/2024,12:47:28 AM,card,ANON-0000-0000-0290,37.72,Latte
6/12/2024,12:16:34 AM,card,ANON-0000-0000-0256,37.72,Hot Chocolate
6/12/2024,12:25:34 AM,card,ANON-0000-0000-0291,32.82,Americano with Milk
6/13/2024,12:54:24 AM,card,ANON-0000-0000-0292,27.92,Americano
6/13/2024,12:57:26 AM,card,ANON-0000-0000-0097,37.72,Latte
6/13/2024,12:50:25 AM,card,ANON-0000-0000-0293,32.82,Americano with Milk
6/13/2024,12:57:12 AM,card,ANON-0000-0000-0141,27.92,Cortado
6/13/2024,12:04:59 AM,card,ANON-0000-0000-0294,32.82,Americano with Milk
6/13/2024,12:27:47 AM,card,ANON-0000-0000-0295,37.72,Hot Chocolate
6/13/2024,12:22:19 AM,card,ANON-0000-0000-0296,37.72,Latte
6/13/2024,12:20:52 AM,card,ANON-0000-0000-0012,32.82,Americano with Milk
6/13/2024,12:43:46 AM,card,ANON-0000-0000-0012,23.02,Espresso
6/13/2024,12:45:01 AM,card,ANON-0000-0000-0295,23.02,Espresso
6/13/2024,12:48:18 AM,card,ANON-0000-0000-0009,32.82,Americano with Milk
6/13/2024,12:02:28 AM,card,ANON-0000-0000-0009,32.82,Americano with Milk
6/14/2024,12:46:13 AM,card,ANON-0000-0000-0141,27.92,Cortado
6/14/2024,12:30:32 AM,card,ANON-0000-0000-0297,27.92,Americano
6/14/2024,12:14:42 AM,card,ANON-0000-0000-0097,37.72,Latte
6/14/2024,12:29:53 AM,card,ANON-0000-0000-0298,32.82,Americano with Milk
6/15/2024,12:26:02 AM,card,ANON-0000-0000-0299,37.72,Cappuccino
6/15/2024,12:21:28 AM,card,ANON-0000-0000-0300,37.72,Latte
6/15/2024,12:22:47 AM,card,ANON-0000-0000-0300,32.82,Americano with Milk
6/15/2024,12:23:52 AM,card,ANON-0000-0000-0300,23.02,Espresso
6/15/2024,12:24:35 AM,card,ANON-0000-0000-0300,37.72,Cocoa
6/15/2024,12:25:24 AM,card,ANON-0000-0000-0300,32.82,Americano with Milk
6/15/2024,12:03:30 AM,card,ANON-0000-0000-0301,32.82,Americano with Milk
6/15/2024,12:14:05 AM,card,ANON-0000-0000-0302,27.92,Americano
6/16/2024,12:43:51 AM,card,ANON-0000-0000-0059,32.82,Americano with Milk
6/16/2024,12:58:41 AM,card,ANON-0000-0000-0303,37.72,Latte
6/16/2024,12:00:38 AM,card,ANON-0000-0000-0303,37.72,Hot Chocolate
6/16/2024,12:01:42 AM,card,ANON-0000-0000-0303,37.72,Hot Chocolate
6/16/2024,12:49:28 AM,card,ANON-0000-0000-0276,32.82,Americano with Milk
6/16/2024,12:00:39 AM,card,ANON-0000-0000-0274,23.02,Espresso
6/16/2024,12:02:36 AM,card,ANON-0000-0000-0304,32.82,Americano with Milk
6/16/2024,12:05:10 AM,card,ANON-0000-0000-0304,32.82,Americano with Milk
6/16/2024,12:44:00 AM,card,ANON-0000-0000-0305,37.72,Hot Chocolate
6/16/2024,12:47:37 AM,card,ANON-0000-0000-0306,37.72,Hot Chocolate
6/16/2024,12:45:17 AM,card,ANON-0000-0000-0059,32.82,Americano with Milk
6/16/2024,12:46:17 AM,card,ANON-0000-0000-0059,32.82,Americano with Milk
6/17/2024,12:57:24 AM,card,ANON-0000-0000-0307,27.92,Americano
6/17/2024,12:12:05 AM,card,ANON-0000-0000-0308,27.92,Cortado
6/17/2024,12:13:38 AM,card,ANON-0000-0000-0308,27.92,Cortado
6/17/2024,12:55:52 AM,card,ANON-0000-0000-0042,37.72,Cappuccino
6/17/2024,12:51:35 AM,card,ANON-0000-0000-0164,37.72,Cappuccino
6/17/2024,12:50:13 AM,card,ANON-0000-0000-0012,37.72,Cappuccino
6/17/2024,12:51:11 AM,card,ANON-0000-0000-0012,37.72,Cappuccino
6/17/2024,12:52:36 AM,card,ANON-0000-0000-0012,27.92,Americano
6/17/2024,12:51:20 AM,card,ANON-0000-0000-0309,27.92,Americano
6/17/2024,12:16:12 AM,card,ANON-0000-0000-0009,32.82,Americano with Milk
6/18/2024,12:04:06 AM,card,ANON-0000-0000-0299,27.92,Americano
6/18/2024,12:05:12 AM,card,ANON-0000-0000-0299,37.72,Cappuccino
6/18/2024,12:20:41 AM,card,ANON-0000-0000-0154,37.72,Cappuccino
6/18/2024,12:21:39 AM,card,ANON-0000-0000-0154,37.72,Cappuccino
6/18/2024,12:35:50 AM,card,ANON-0000-0000-0310,27.92,Cortado
6/18/2024,12:20:49 AM,card,ANON-0000-0000-0012,32.82,Americano with Milk
6/18/2024,12:22:18 AM,card,ANON-0000-0000-0012,32.82,Americano with Milk
6/19/2024,12:47:20 AM,card,ANON-0000-0000-0311,37.72,Latte
6/19/2024,12:17:55 AM,card,ANON-0000-0000-0141,27.92,Cortado
6/19/2024,12:54:01 AM,card,ANON-0000-0000-0312,27.92,Americano
6/19/2024,12:11:28 AM,card,ANON-0000-0000-0313,37.72,Latte
6/19/2024,12:12:31 AM,card,ANON-0000-0000-0313,37.72,Cocoa
6/19/2024,12:21:36 AM,card,ANON-0000-0000-0164,32.82,Americano with Milk
6/19/2024,12:28:43 AM,card,ANON-0000-0000-0153,37.72,Cappuccino
6/19/2024,12:29:59 AM,card,ANON-0000-0000-0153,37.72,Latte
6/19/2024,12:31:31 AM,card,ANON-0000-0000-0009,32.82,Americano with Milk
6/19/2024,12:29:00 AM,card,ANON-0000-0000-0192,37.72,Cappuccino
6/19/2024,12:30:03 AM,card,ANON-0000-0000-0192,32.82,Americano with Milk
6/20/2024,12:50:07 AM,card,ANON-0000-0000-0097,37.72,Latte
6/20/2024,12:59:02 AM,card,ANON-0000-0000-0314,37.72,Latte
6/20/2024,12:00:00 AM,card,ANON-0000-0000-0314,37.72,Latte
6/20/2024,12:39:10 AM,card,ANON-0000-0000-0257,37.72,Latte
6/20/2024,12:57:41 AM,card,ANON-0000-0000-0009,37.72,Latte
6/20/2024,12:59:18 AM,card,ANON-0000-0000-0009,32.82,Americano with Milk
6/21/2024,12:59:56 AM,card,ANON-0000-0000-0311,37.72,Latte
6/21/2024,12:01:40 AM,card,ANON-0000-0000-0315,27.92,Americano
6/21/2024,12:19:19 AM,card,ANON-0000-0000-0012,32.82,Americano with Milk
6/21/2024,12:20:31 AM,card,ANON-0000-0000-0012,32.82,Americano with Milk
6/21/2024,12:12:16 AM,card,ANON-0000-0000-0316,23.02,Espresso
6/21/2024,12:30:27 AM,card,ANON-0000-0000-0009,37.72,Latte
6/21/2024,12:47:06 AM,card,ANON-0000-0000-0154,37.72,Cappuccino
6/21/2024,12:48:07 AM,card,ANON-0000-0000-0154,37.72,Cappuccino
6/21/2024,12:49:55 AM,card,ANON-0000-0000-0180,37.72,Cappuccino
6/21/2024,12:51:00 AM,card,ANON-0000-0000-0180,37.72,Cappuccino
6/21/2024,12:52:19 AM,card,ANON-0000-0000-0180,27.92,Americano
6/21/2024,12:55:37 AM,card,ANON-0000-0000-0311,32.82,Americano with Milk
6/22/2024,12:39:50 AM,card,ANON-0000-0000-0141,27.92,Cortado
6/22/2024,12:37:49 AM,card,ANON-0000-0000-0311,32.82,Americano with Milk
6/22/2024,12:53:15 AM,card,ANON-0000-0000-0317,32.82,Americano with Milk
6/22/2024,12:37:20 AM,card,ANON-0000-0000-0009,37.72,Latte
6/22/2024,12:10:23 AM,card,ANON-0000-0000-0318,37.72,Cappuccino
6/23/2024,12:12:01 AM,card,ANON-0000-0000-0012,32.82,Americano with Milk
6/23/2024,12:13:51 AM,card,ANON-0000-0000-0012,32.82,Americano with Milk
6/23/2024,12:06:47 AM,card,ANON-0000-0000-0319,37.72,Cappuccino
6/23/2024,12:29:08 AM,card,ANON-0000-0000-0320,37.72,Latte
6/23/2024,12:30:36 AM,card,ANON-0000-0000-0320,37.72,Cappuccino
6/24/2024,12:44:40 AM,card,ANON-0000-0000-0164,32.82,Americano with Milk
6/24/2024,12:49:36 AM,card,ANON-0000-0000-0180,37.72,Cappuccino
6/24/2024,12:50:44 AM,card,ANON-0000-0000-0180,37.72,Cappuccino
6/24/2024,12:02:29 AM,card,ANON-0000-0000-0321,37.72,Latte
6/24/2024,12:46:01 AM,card,ANON-0000-0000-0203,37.72,Cappuccino
6/24/2024,12:47:00 AM,card,ANON-0000-0000-0203,37.72,Cappuccino
6/25/2024,12:19:24 AM,card,ANON-0000-0000-0322,37.72,Latte
6/25/2024,12:28:26 AM,card,ANON-0000-0000-0012,32.82,Americano with Milk
6/25/2024,12:29:42 AM,card,ANON-0000-0000-0040,32.82,Americano with Milk
6/25/2024,12:34:52 AM,card,ANON-0000-0000-0203,37.72,Cappuccino
6/26/2024,12:33:02 AM,card,ANON-0000-0000-0323,37.72,Latte
6/26/2024,12:32:30 AM,card,ANON-0000-0000-0324,23.02,Espresso
6/26/2024,12:34:02 AM,card,ANON-0000-0000-0325,27.92,Americano
6/26/2024,12:21:53 AM,card,ANON-0000-0000-0009,37.72,Latte
6/26/2024,12:27:01 AM,card,ANON-0000-0000-0009,37.72,Cappuccino
6/26/2024,12:28:15 AM,card,ANON-0000-0000-0206,32.82,Americano with Milk
6/27/2024,12:15:43 AM,card,ANON-0000-0000-0326,32.82,Americano with Milk
6/27/2024,12:11:48 AM,card,ANON-0000-0000-0327,27.92,Cortado
6/27/2024,12:44:03 AM,card,ANON-0000-0000-0328,32.82,Americano with Milk
6/27/2024,12:50:32 AM,card,ANON-0000-0000-0329,37.72,Cappuccino
6/28/2024,12:08:35 AM,card,ANON-0000-0000-0141,27.92,Cortado
6/28/2024,12:51:54 AM,card,ANON-0000-0000-0274,23.02,Espresso
6/28/2024,12:50:55 AM,card,ANON-0000-0000-0330,32.82,Americano with Milk
6/28/2024,12:52:02 AM,card,ANON-0000-0000-0331,37.72,Latte
6/28/2024,12:28:20 AM,card,ANON-0000-0000-0332,37.72,Cappuccino
6/29/2024,12:47:10 AM,card,ANON-0000-0000-0097,32.82,Americano with Milk
6/29/2024,12:40:20 AM,card,ANON-0000-0000-0333,32.82,Americano with Milk
6/29/2024,12:41:27 AM,card,ANON-0000-0000-0333,32.82,Americano with Milk
6/29/2024,12:30:24 AM,card,ANON-0000-0000-0334,37.72,Cappuccino
6/29/2024,12:31:43 AM,card,ANON-0000-0000-0334,37.72,Cappuccino
6/29/2024,12:23:44 AM,card,ANON-0000-0000-0335,37.72,Cappuccino
6/29/2024,12:24:52 AM,card,ANON-0000-0000-0335,37.72,Hot Chocolate
6/29/2024,12:27:22 AM,card,ANON-0000-0000-0009,37.72,Latte
6/30/2024,12:28:10 AM,card,ANON-0000-0000-0336,37.72,Latte
6/30/2024,12:05:51 AM,card,ANON-0000-0000-0337,23.02,Espresso
6/30/2024,12:54:42 AM,card,ANON-0000-0000-0009,37.72,Hot Chocolate
6/30/2024,12:04:10 AM,card,ANON-0000-0000-0097,32.82,Americano with Milk
7/1/2024,12:07:27 AM,card,ANON-0000-0000-0012,23.02,Espresso
7/1/2024,12:56:52 AM,card,ANON-0000-0000-0338,37.72,Cappuccino
7/1/2024,12:57:54 AM,card,ANON-0000-0000-0339,37.72,Cappuccino
7/2/2024,12:42:54 AM,card,ANON-0000-0000-0304,32.82,Americano with Milk
7/2/2024,12:45:01 AM,card,ANON-0000-0000-0304,27.92,Americano
7/2/2024,12:48:05 AM,card,ANON-0000-0000-0019,37.72,Latte
7/2/2024,12:03:13 AM,card,ANON-0000-0000-0340,27.92,Americano
7/2/2024,12:31:24 AM,card,ANON-0000-0000-0341,32.82,Americano with Milk
7/2/2024,12:02:24 AM,card,ANON-0000-0000-0329,32.82,Americano with Milk
7/3/2024,12:51:15 AM,card,ANON-0000-0000-0012,32.82,Americano with Milk
7/3/2024,12:01:17 AM,card,ANON-0000-0000-0342,37.72,Cappuccino
7/3/2024,12:50:25 AM,card,ANON-0000-0000-0343,37.72,Cappuccino
7/3/2024,12:53:16 AM,card,ANON-0000-0000-0270,32.82,Americano with Milk
7/3/2024,12:54:23 AM,card,ANON-0000-0000-0344,32.82,Americano with Milk
7/3/2024,12:55:31 AM,card,ANON-0000-0000-0270,37.72,Latte
7/3/2024,12:59:26 AM,card,ANON-0000-0000-0345,23.02,Espresso
7/3/2024,12:59:02 AM,card,ANON-0000-0000-0346,37.72,Cappuccino
7/3/2024,12:06:09 AM,card,ANON-0000-0000-0009,37.72,Latte
7/4/2024,12:26:24 AM,card,ANON-0000-0000-0143,32.82,Americano with Milk
7/4/2024,12:27:30 AM,card,ANON-0000-0000-0012,27.92,Americano
7/5/2024,12:20:29 AM,card,ANON-0000-0000-0058,37.72,Cocoa
7/5/2024,12:43:43 AM,card,ANON-0000-0000-0040,32.82,Americano with Milk
7/5/2024,12:44:44 AM,card,ANON-0000-0000-0347,32.82,Americano with Milk
7/5/2024,12:55:56 AM,card,ANON-0000-0000-0348,23.02,Espresso
7/5/2024,12:55:08 AM,card,ANON-0000-0000-0099,27.92,Americano
7/5/2024,12:11:56 AM,card,ANON-0000-0000-0349,23.02,Espresso
7/5/2024,12:18:03 AM,card,ANON-0000-0000-0350,27.92,Americano
7/5/2024,12:18:57 AM,card,ANON-0000-0000-0350,27.92,Americano
7/5/2024,12:20:01 AM,card,ANON-0000-0000-0351,37.72,Cappuccino
7/5/2024,12:21:10 AM,card,ANON-0000-0000-0351,32.82,Americano with Milk
7/6/2024,12:28:07 AM,card,ANON-0000-0000-0352,37.72,Latte
7/6/2024,12:15:46 AM,card,ANON-0000-0000-0009,32.82,Latte
7/6/2024,12:17:01 AM,card,ANON-0000-0000-0009,32.82,Latte
7/6/2024,12:09:46 AM,card,ANON-0000-0000-0012,32.82,Latte
7/6/2024,12:10:40 AM,card,ANON-0000-0000-0012,27.92,Americano with Milk
7/7/2024,12:04:20 AM,card,ANON-0000-0000-0303,32.82,Cappuccino
7/7/2024,12:14:29 AM,card,ANON-0000-0000-0353,27.92,Americano with Milk
7/7/2024,12:15:37 AM,card,ANON-0000-0000-0353,27.92,Americano with Milk
7/7/2024,12:28:49 AM,card,ANON-0000-0000-0354,32.82,Cappuccino
7/7/2024,12:29:56 AM,card,ANON-0000-0000-0354,32.82,Cappuccino
7/7/2024,12:56:30 AM,card,ANON-0000-0000-0355,32.82,Hot Chocolate
7/7/2024,12:57:47 AM,card,ANON-0000-0000-0355,32.82,Cocoa
7/7/2024,12:07:50 AM,card,ANON-0000-0000-0356,32.82,Latte
7/7/2024,12:33:27 AM,card,ANON-0000-0000-0357,32.82,Cappuccino
7/7/2024,12:01:32 AM,card,ANON-0000-0000-0358,32.82,Hot Chocolate
7/7/2024,12:33:36 AM,card,ANON-0000-0000-0359,27.92,Americano with Milk
7/8/2024,12:33:08 AM,card,ANON-0000-0000-0360,32.82,Latte
7/8/2024,12:02:50 AM,card,ANON-0000-0000-0361,23.02,Americano
7/8/2024,12:40:24 AM,card,ANON-0000-0000-0362,23.02,Americano
7/8/2024,12:30:35 AM,card,ANON-0000-0000-0363,27.92,Americano with Milk
7/8/2024,12:14:46 AM,card,ANON-0000-0000-0019,32.82,Latte
7/9/2024,12:26:52 AM,card,ANON-0000-0000-0333,27.92,Americano with Milk
7/9/2024,12:40:29 AM,card,ANON-0000-0000-0276,27.92,Americano with Milk
7/9/2024,12:21:36 AM,card,ANON-0000-0000-0194,27.92,Americano with Milk
7/9/2024,12:22:50 AM,card,ANON-0000-0000-0194,32.82,Cappuccino
7/9/2024,12:43:00 AM,card,ANON-0000-0000-0364,27.92,Americano with Milk
7/10/2024,12:10:42 AM,card,ANON-0000-0000-0365,23.02,Americano
7/10/2024,12:28:54 AM,card,ANON-0000-0000-0366,27.92,Americano with Milk
7/10/2024,12:13:10 AM,card,ANON-0000-0000-0328,32.82,Latte
7/11/2024,12:27:28 AM,card,ANON-0000-0000-0367,32.82,Hot Chocolate
7/11/2024,12:48:19 AM,card,ANON-0000-0000-0368,27.92,Americano with Milk
7/11/2024,12:22:14 AM,card,ANON-0000-0000-0369,32.82,Latte
7/11/2024,12:30:59 AM,card,ANON-0000-0000-0370,23.02,Americano
7/12/2024,12:03:17 AM,card,ANON-0000-0000-0371,23.02,Cortado
7/12/2024,12:48:33 AM,card,ANON-0000-0000-0372,32.82,Hot Chocolate
7/12/2024,12:33:26 AM,card,ANON-0000-0000-0178,32.82,Hot Chocolate
7/12/2024,12:34:14 AM,card,ANON-0000-0000-0177,32.82,Hot Chocolate
7/12/2024,12:35:30 AM,card,ANON-0000-0000-0179,32.82,Hot Chocolate
7/13/2024,12:38:10 AM,card,ANON-0000-0000-0365,32.82,Latte
7/13/2024,12:41:38 AM,card,ANON-0000-0000-0365,32.82,Latte
7/14/2024,12:54:24 AM,card,ANON-0000-0000-0373,23.02,Americano
7/14/2024,12:55:31 AM,card,ANON-0000-0000-0373,27.92,Americano with Milk
7/14/2024,12:56:30 AM,card,ANON-0000-0000-0373,32.82,Cappuccino
7/14/2024,12:57:54 AM,card,ANON-0000-0000-0374,32.82,Latte
7/14/2024,12:02:12 AM,card,ANON-0000-0000-0375,23.02,Americano
7/14/2024,12:31:30 AM,card,ANON-0000-0000-0376,32.82,Latte
7/15/2024,12:33:06 AM,card,ANON-0000-0000-0377,32.82,Cappuccino
7/16/2024,12:23:37 AM,card,ANON-0000-0000-0378,27.92,Americano with Milk
7/16/2024,12:29:25 AM,card,ANON-0000-0000-0367,32.82,Hot Chocolate
7/17/2024,12:05:00 AM,card,ANON-0000-0000-0379,27.92,Americano with Milk
7/18/2024,12:10:13 AM,card,ANON-0000-0000-0380,27.92,Americano with Milk
7/18/2024,12:11:23 AM,card,ANON-0000-0000-0381,18.12,Espresso
7/18/2024,12:33:00 AM,card,ANON-0000-0000-0059,23.02,Americano
7/18/2024,12:34:48 AM,card,ANON-0000-0000-0059,23.02,Americano
7/18/2024,12:35:52 AM,card,ANON-0000-0000-0059,23.02,Cortado
7/18/2024,12:23:34 AM,card,ANON-0000-0000-0375,32.82,Latte
7/18/2024,12:18:23 AM,card,ANON-0000-0000-0382,32.82,Cappuccino
7/18/2024,12:30:51 AM,card,ANON-0000-0000-0009,32.82,Latte
7/18/2024,12:19:42 AM,card,ANON-0000-0000-0383,32.82,Hot Chocolate
7/18/2024,12:22:00 AM,card,ANON-0000-0000-0383,32.82,Latte
7/18/2024,12:46:19 AM,card,ANON-0000-0000-0384,32.82,Latte
7/19/2024,12:03:02 AM,card,ANON-0000-0000-0375,23.02,Americano
7/19/2024,12:16:21 AM,card,ANON-0000-0000-0385,27.92,Americano with Milk
7/19/2024,12:58:38 AM,card,ANON-0000-0000-0386,32.82,Latte
7/19/2024,12:59:55 AM,card,ANON-0000-0000-0386,27.92,Americano with Milk
7/19/2024,12:09:21 AM,card,ANON-0000-0000-0384,32.82,Latte
7/19/2024,12:11:22 AM,card,ANON-0000-0000-0384,32.82,Cocoa
7/19/2024,12:36:19 AM,card,ANON-0000-0000-0384,32.82,Latte
7/19/2024,12:37:36 AM,card,ANON-0000-0000-0384,32.82,Latte
7/20/2024,12:05:45 AM,card,ANON-0000-0000-0387,23.02,Americano
7/20/2024,12:06:49 AM,card,ANON-0000-0000-0387,32.82,Latte
7/20/2024,12:07:51 AM,card,ANON-0000-0000-0387,23.02,Americano
7/20/2024,12:00:54 AM,card,ANON-0000-0000-0388,32.82,Latte
7/20/2024,12:02:28 AM,card,ANON-0000-0000-0389,32.82,Latte
7/20/2024,12:39:21 AM,card,ANON-0000-0000-0390,23.02,Americano
7/20/2024,12:15:09 AM,card,ANON-0000-0000-0391,32.82,Latte
7/21/2024,12:30:56 AM,card,ANON-0000-0000-0367,32.82,Cocoa
7/21/2024,12:39:29 AM,card,ANON-0000-0000-0392,32.82,Cappuccino
7/21/2024,12:34:31 AM,card,ANON-0000-0000-0393,23.02,Cortado
7/21/2024,12:42:31 AM,card,ANON-0000-0000-0394,32.82,Latte
7/22/2024,12:13:23 AM,card,ANON-0000-0000-0375,23.02,Americano
7/22/2024,12:40:50 AM,card,ANON-0000-0000-0395,23.02,Americano
7/22/2024,12:15:37 AM,card,ANON-0000-0000-0385,27.92,Americano with Milk
7/22/2024,12:44:38 AM,card,ANON-0000-0000-0396,32.82,Latte
7/23/2024,12:12:56 AM,card,ANON-0000-0000-0197,32.82,Latte
7/23/2024,12:40:19 AM,card,ANON-0000-0000-0395,23.02,Americano
7/23/2024,12:44:54 AM,card,ANON-0000-0000-0397,27.92,Americano with Milk
7/23/2024,12:49:25 AM,card,ANON-0000-0000-0398,32.82,Cocoa
7/23/2024,12:51:10 AM,card,ANON-0000-0000-0399,32.82,Latte
7/23/2024,12:01:46 AM,card,ANON-0000-0000-0375,23.02,Americano
7/23/2024,12:03:37 AM,card,ANON-0000-0000-0400,27.92,Americano with Milk
7/23/2024,12:20:05 AM,card,ANON-0000-0000-0401,27.92,Americano with Milk
7/23/2024,12:21:01 AM,card,ANON-0000-0000-0401,32.82,Latte
7/23/2024,12:01:41 AM,card,ANON-0000-0000-0009,32.82,Latte
7/23/2024,12:23:13 AM,card,ANON-0000-0000-0012,23.02,Americano
7/23/2024,12:24:23 AM,card,ANON-0000-0000-0012,23.02,Americano
7/24/2024,12:16:10 AM,card,ANON-0000-0000-0097,27.92,Americano with Milk
7/24/2024,12:38:55 AM,card,ANON-0000-0000-0385,27.92,Americano with Milk
7/24/2024,12:54:37 AM,card,ANON-0000-0000-0402,18.12,Espresso
7/24/2024,12:43:53 AM,card,ANON-0000-0000-0379,32.82,Cappuccino
7/24/2024,12:55:14 AM,card,ANON-0000-0000-0399,32.82,Latte
7/24/2024,12:45:50 AM,card,ANON-0000-0000-0012,18.12,Espresso
7/24/2024,12:18:30 AM,card,ANON-0000-0000-0009,32.82,Latte
7/24/2024,12:15:06 AM,card,ANON-0000-0000-0205,32.82,Cappuccino
7/24/2024,12:17:00 AM,card,ANON-0000-0000-0205,32.82,Cappuccino
7/24/2024,12:17:37 AM,card,ANON-0000-0000-0040,27.92,Americano with Milk
7/24/2024,12:18:41 AM,card,ANON-0000-0000-0040,23.02,Americano
7/24/2024,12:25:17 AM,card,ANON-0000-0000-0012,23.02,Americano
7/25/2024,12:54:48 AM,card,ANON-0000-0000-0012,23.02,Americano
7/25/2024,12:49:18 AM,card,ANON-0000-0000-0399,32.82,Latte
7/25/2024,12:29:45 AM,card,ANON-0000-0000-0385,27.92,Americano with Milk
7/25/2024,12:26:05 AM,card,ANON-0000-0000-0375,23.02,Americano
7/25/2024,12:25:07 AM,card,ANON-0000-0000-0403,32.82,Cappuccino
7/25/2024,12:21:01 AM,card,ANON-0000-0000-0257,32.82,Cappuccino
7/25/2024,12:06:01 AM,card,ANON-0000-0000-0404,23.02,Cortado
7/25/2024,12:06:50 AM,card,ANON-0000-0000-0404,18.12,Espresso
7/25/2024,12:38:51 AM,card,ANON-0000-0000-0328,23.02,Cortado
7/25/2024,12:39:47 AM,card,ANON-0000-0000-0405,32.82,Cocoa
7/26/2024,12:33:01 AM,card,ANON-0000-0000-0406,32.82,Latte
7/26/2024,12:19:37 AM,card,ANON-0000-0000-0097,27.92,Americano with Milk
7/26/2024,12:20:34 AM,card,ANON-0000-0000-0059,18.12,Espresso
7/26/2024,12:33:12 AM,card,ANON-0000-0000-0407,23.02,Cortado
7/26/2024,12:34:17 AM,card,ANON-0000-0000-0407,23.02,Cortado
7/26/2024,12:59:08 AM,card,ANON-0000-0000-0408,32.82,Latte
7/26/2024,12:00:03 AM,card,ANON-0000-0000-0408,32.82,Latte
7/26/2024,12:47:14 AM,card,ANON-0000-0000-0385,27.92,Americano with Milk
7/26/2024,12:07:02 AM,card,ANON-0000-0000-0379,27.92,Americano with Milk
7/26/2024,12:28:08 AM,card,ANON-0000-0000-0339,32.82,Cappuccino
7/26/2024,12:29:18 AM,card,ANON-0000-0000-0339,32.82,Cappuccino
7/26/2024,12:09:56 AM,card,ANON-0000-0000-0409,32.82,Latte
7/26/2024,12:23:29 AM,card,ANON-0000-0000-0410,23.02,Americano
7/26/2024,12:58:29 AM,card,ANON-0000-0000-0411,32.82,Cappuccino
7/26/2024,12:15:10 AM,card,ANON-0000-0000-0009,32.82,Latte
7/26/2024,12:49:52 AM,card,ANON-0000-0000-0412,27.92,Americano with Milk
7/27/2024,12:09:16 AM,card,ANON-0000-0000-0097,32.82,Cappuccino
7/27/2024,12:55:31 AM,card,ANON-0000-0000-0413,27.92,Americano with Milk
7/27/2024,12:25:10 AM,card,ANON-0000-0000-0059,27.92,Americano with Milk
7/27/2024,12:26:13 AM,card,ANON-0000-0000-0040,18.12,Espresso
7/27/2024,12:33:23 AM,card,ANON-0000-0000-0059,27.92,Americano with Milk
7/27/2024,12:28:42 AM,card,ANON-0000-0000-0225,18.12,Espresso
7/27/2024,12:51:53 AM,card,ANON-0000-0000-0077,32.82,Latte
7/27/2024,12:02:33 AM,card,ANON-0000-0000-0414,32.82,Cappuccino
7/27/2024,12:03:39 AM,card,ANON-0000-0000-0415,32.82,Cappuccino
7/27/2024,12:09:00 AM,card,ANON-0000-0000-0416,27.92,Americano with Milk
7/27/2024,12:10:08 AM,card,ANON-0000-0000-0416,27.92,Americano with Milk
7/27/2024,12:55:20 AM,card,ANON-0000-0000-0009,32.82,Latte
7/27/2024,12:56:24 AM,card,ANON-0000-0000-0417,32.82,Cappuccino
7/28/2024,12:07:26 AM,card,ANON-0000-0000-0012,18.12,Espresso
7/28/2024,12:17:54 AM,card,ANON-0000-0000-0276,27.92,Americano with Milk
7/28/2024,12:18:52 AM,card,ANON-0000-0000-0276,32.82,Latte
7/29/2024,12:12:06 AM,card,ANON-0000-0000-0418,32.82,Latte
7/29/2024,12:04:48 AM,card,ANON-0000-0000-0012,23.02,Americano
7/29/2024,12:15:46 AM,card,ANON-0000-0000-0097,27.92,Americano with Milk
7/29/2024,12:19:44 AM,card,ANON-0000-0000-0003,23.02,Americano
7/29/2024,12:51:25 AM,card,ANON-0000-0000-0419,27.92,Americano with Milk
7/29/2024,12:58:30 AM,card,ANON-0000-0000-0420,32.82,Cappuccino
7/29/2024,12:43:44 AM,card,ANON-0000-0000-0421,32.82,Hot Chocolate
7/29/2024,12:44:56 AM,card,ANON-0000-0000-0421,32.82,Hot Chocolate
7/29/2024,12:06:31 AM,card,ANON-0000-0000-0422,32.82,Cappuccino
7/29/2024,12:30:16 AM,card,ANON-0000-0000-0099,23.02,Americano
7/29/2024,12:57:34 AM,card,ANON-0000-0000-0328,32.82,Cocoa
7/30/2024,12:41:11 AM,card,ANON-0000-0000-0423,27.92,Americano with Milk
7/30/2024,12:05:07 AM,card,ANON-0000-0000-0424,23.02,Cortado
7/30/2024,12:20:51 AM,card,ANON-0000-0000-0425,32.82,Cappuccino
7/30/2024,12:13:43 AM,card,ANON-0000-0000-0097,27.92,Americano with Milk
7/30/2024,12:17:11 AM,card,ANON-0000-0000-0141,23.02,Cortado
7/30/2024,12:19:34 AM,card,ANON-0000-0000-0276,27.92,Americano with Milk
7/30/2024,12:23:20 AM,card,ANON-0000-0000-0250,32.82,Latte
7/30/2024,12:12:07 AM,card,ANON-0000-0000-0426,23.02,Americano
7/30/2024,12:13:16 AM,card,ANON-0000-0000-0426,18.12,Espresso
7/30/2024,12:14:42 AM,card,ANON-0000-0000-0427,27.92,Americano with Milk
7/30/2024,12:16:02 AM,card,ANON-0000-0000-0428,27.92,Americano with Milk
7/30/2024,12:30:35 AM,card,ANON-0000-0000-0429,27.92,Americano with Milk
7/30/2024,12:31:41 AM,card,ANON-0000-0000-0430,27.92,Americano with Milk
7/30/2024,12:08:07 AM,card,ANON-0000-0000-0431,32.82,Latte
7/30/2024,12:16:10 AM,card,ANON-0000-0000-0432,27.92,Americano with Milk
7/30/2024,12:08:53 AM,card,ANON-0000-0000-0433,23.02,Cortado
7/30/2024,12:09:44 AM,card,ANON-0000-0000-0433,27.92,Americano with Milk
7/30/2024,12:24:20 AM,card,ANON-0000-0000-0434,18.12,Espresso
7/30/2024,12:53:52 AM,card,ANON-0000-0000-0097,27.92,Americano with Milk
7/30/2024,12:54:46 AM,card,ANON-0000-0000-0097,27.92,Americano with Milk
7/30/2024,12:57:02 AM,card,ANON-0000-0000-0347,27.92,Americano with Milk
7/30/2024,12:33:19 AM,card,ANON-0000-0000-0435,32.82,Latte
7/30/2024,12:15:22 AM,card,ANON-0000-0000-0436,23.02,Americano
7/30/2024,12:16:19 AM,card,ANON-0000-0000-0436,32.82,Cappuccino
7/31/2024,12:59:52 AM,card,ANON-0000-0000-0423,27.92,Americano with Milk
7/31/2024,12:37:42 AM,card,ANON-0000-0000-0437,27.92,Americano with Milk
7/31/2024,12:38:38 AM,card,ANON-0000-0000-0437,27.92,Americano with Milk
7/31/2024,12:54:45 AM,card,ANON-0000-0000-0388,23.02,Americano
7/31/2024,12:55:45 AM,card,ANON-0000-0000-0388,23.02,Americano
7/31/2024,12:58:16 AM,card,ANON-0000-0000-0276,27.92,Americano with Milk
7/31/2024,12:11:43 AM,card,ANON-0000-0000-0384,32.82,Cocoa
7/31/2024,12:14:00 AM,card,ANON-0000-0000-0384,32.82,Latte
7/31/2024,12:24:49 AM,card,ANON-0000-0000-0438,27.92,Americano with Milk
7/31/2024,12:48:07 AM,card,ANON-0000-0000-0439,23.02,Cortado
7/31/2024,12:04:15 AM,card,ANON-0000-0000-0440,32.82,Latte
7/31/2024,12:22:39 AM,card,ANON-0000-0000-0441,23.02,Cortado
7/31/2024,12:28:45 AM,card,ANON-0000-0000-0009,32.82,Latte
7/31/2024,12:46:42 AM,card,ANON-0000-0000-0442,32.82,Cocoa
7/31/2024,12:50:07 AM,card,ANON-0000-0000-0443,23.02,Cortado
7/31/2024,12:51:10 AM,card,ANON-0000-0000-0443,32.82,Latte
7/31/2024,12:52:15 AM,card,ANON-0000-0000-0153,32.82,Cappuccino
7/31/2024,12:53:35 AM,card,ANON-0000-0000-0443,23.02,Cortado
7/31/2024,12:59:25 AM,card,ANON-0000-0000-0040,27.92,Americano with Milk
7/31/2024,12:26:26 AM,card,ANON-0000-0000-0444,32.82,Latte
7/31/2024,12:54:12 AM,card,ANON-0000-0000-0445,32.82,Latte
7/31/2024,12:55:17 AM,card,ANON-0000-0000-0446,32.82,Latte
